DateTime,Latitude,Longitude,Depth,Magnitude,MagType,NbStations,Gap,Distance,RMS,Source,EventID
2022/01/01 06:10:48.01,35.89950,-120.44100,5.650,3.29,ML,65,53,2,0.10,NCSN,73671951
2022/01/03 02:34:48.24,35.31783,-119.40850,12.050,4.05,ML,72,28,19,0.43,NCSN,73672951
2022/01/05 07:20:55.90,38.18884,-117.86200,1.480,4.36,Mw,14,240,81,0.18,NCSN,73673871
2022/01/05 07:21:13.98,38.20917,-117.80133,21.620,4.37,Mw,61,95,53,0.28,NCSN,73673876
2022/01/06 00:28:07.01,37.33383,-117.90234,9.500,4.75,Mw,70,70,36,0.10,NCSN,73674211
2022/01/06 02:42:10.83,40.38467,-124.86433,12.570,4.58,Mw,145,224,46,0.24,NCSN,73674251
2022/01/06 04:21:22.10,38.19450,-117.88834,-1.840,3.62,ML,46,139,20,0.25,NCSN,73674291
2022/01/07 00:56:40.26,40.47800,-124.32183,18.750,3.03,ML,40,119,1,0.11,NCSN,73674821
2022/01/07 02:32:07.13,37.33633,-117.90283,8.720,3.01,ML,49,70,36,0.10,NCSN,73674891
2022/01/08 06:21:31.81,34.43433,-118.99683,-0.760,3.70,ML,33,118,19,0.35,NCSN,73675471
2022/01/08 23:46:18.31,33.36217,-116.87383,4.070,3.34,ML,11,118,1,0.13,NCSN,73675851
2022/01/13 03:19:08.87,33.47300,-116.44250,13.110,3.91,Mw,9,159,15,0.05,NCSN,73677711
2022/01/17 00:02:30.15,34.43000,-119.27500,10.440,3.21,ML,35,167,37,0.30,NCSN,73679401
2022/01/18 07:39:15.25,33.82550,-116.75166,13.080,3.70,ML,10,91,13,0.11,NCSN,73680096
2022/01/18 17:55:07.66,38.94033,-122.09016,4.690,3.20,Mh,23,117,18,0.25,NCSN,73680306
2022/01/18 18:31:13.82,38.96717,-122.11283,1.590,3.30,Mh,14,106,19,0.42,NCSN,73680326
2022/01/20 15:45:10.49,38.20417,-117.77283,4.970,3.62,ML,35,161,15,0.15,NCSN,73681076
2022/01/22 22:40:11.31,38.26383,-118.34400,21.210,4.36,Mw,72,80,14,0.44,NCSN,73682046
2022/01/23 16:53:10.31,36.66667,-121.27033,5.170,3.07,ML,77,68,7,0.12,NCSN,73682266
2022/01/23 20:57:15.38,33.43833,-116.39300,5.740,3.17,ML,8,168,18,0.09,NCSN,73682306
2022/01/26 09:59:04.98,36.02234,-117.78767,1.680,3.09,ML,16,113,2,0.18,NCSN,73683046
2022/01/27 10:51:22.46,35.06950,-118.99033,16.620,3.57,ML,53,50,16,0.27,NCSN,73683521
2022/01/27 10:52:41.18,35.04567,-118.99700,14.870,3.35,ML,28,80,18,0.29,NCSN,73683516
2022/01/30 07:16:42.10,38.15217,-118.00700,-1.210,3.84,ML,54,82,45,0.51,NCSN,73685716
2022/01/30 17:46:27.02,33.32450,-116.92717,11.560,3.93,Mw,13,107,7,0.15,NCSN,73685931
2022/02/01 17:26:16.67,33.94950,-118.19583,7.140,3.38,ML,15,115,25,0.17,NCSN,73686866
2022/02/02 01:41:48.22,38.65533,-119.77250,-1.090,3.47,Mw,59,39,9,0.15,NCSN,73686986
2022/02/04 15:50:09.36,38.84617,-122.81917,1.120,3.14,ML,91,22,1,0.07,NCSN,73688171
2022/02/06 04:55:17.85,38.78567,-122.74533,0.840,3.36,ML,106,39,1,0.08,NCSN,73689126
2022/02/06 23:24:47.28,33.70250,-117.50350,4.170,3.64,ML,22,126,34,0.23,NCSN,73689486
2022/02/07 00:01:53.73,37.72817,-122.13567,4.280,3.09,ML,202,14,3,0.16,NCSN,73689506
2022/02/08 23:16:00.41,38.80817,-122.80133,2.930,3.27,ML,98,30,1,0.07,NCSN,73690166
2022/02/11 00:25:02.19,34.40867,-119.13917,14.840,4.10,ML,44,117,26,0.33,NCSN,73691121
2022/02/12 03:13:42.08,37.73950,-122.14783,3.840,3.24,Mw,161,21,3,0.13,NCSN,73691736
2022/02/14 16:41:35.17,34.37917,-118.65600,1.600,3.31,ML,35,120,5,0.29,NCSN,73692731
2022/02/15 05:34:53.70,38.19383,-117.89433,-1.690,3.35,ML,30,139,21,0.39,NCSN,73693006
2022/02/15 21:16:23.13,38.20633,-117.77617,-1.840,4.48,Mw,59,96,16,0.52,NCSN,73693366
2022/02/16 12:10:59.58,36.84517,-121.55350,7.000,3.09,ML,99,23,4,0.14,NCSN,73693581
2022/02/16 23:02:47.90,35.69867,-121.12550,6.600,3.30,ML,60,105,3,0.09,NCSN,73693841
2022/02/19 21:35:37.60,40.29200,-124.41917,8.510,3.14,ML,38,239,7,0.13,NCSN,73695251
2022/02/21 05:06:09.30,38.27617,-118.35917,-2.030,3.66,ML,58,130,13,0.41,NCSN,73695781
2022/02/21 05:07:36.21,36.72066,-121.37117,2.700,3.40,Mw,87,50,3,0.14,NCSN,73695786
2022/02/26 01:42:23.08,38.19350,-117.77983,0.930,3.34,ML,33,143,14,0.16,NCSN,73698041
2022/02/27 01:44:18.46,34.42017,-119.12984,16.800,4.10,ML,41,138,26,0.31,NCSN,73698491
2022/02/27 04:44:34.53,34.42867,-119.11916,17.920,3.12,ML,55,137,34,0.26,NCSN,73698531
2022/02/27 04:44:34.87,34.44283,-119.14133,5.360,3.13,Md,31,135,28,0.21,NCSN,73698536
2022/03/01 05:01:11.10,34.44433,-119.30016,9.950,3.18,ML,26,171,37,0.24,NCSN,73699276
2022/03/01 05:06:43.03,34.45117,-119.29650,7.560,3.12,ML,29,152,36,0.24,NCSN,73699286
2022/03/01 18:17:21.35,38.15083,-118.02683,9.510,3.43,ML,37,141,29,0.19,NCSN,73699591
2022/03/03 11:39:58.20,38.78050,-122.75816,0.400,3.78,Mw,109,31,1,0.07,NCSN,73700486
2022/03/05 11:02:15.97,35.51300,-118.38300,10.400,3.43,ML,34,52,24,0.13,NCSN,73701601
2022/03/05 15:07:29.78,36.52867,-121.11816,6.480,3.22,ML,77,63,2,0.11,NCSN,73701676
2022/03/07 16:22:42.90,38.22583,-119.08000,8.970,3.54,Mw,46,48,7,0.16,NCSN,73702486
2022/03/13 20:51:30.10,36.58933,-121.18633,6.100,3.23,ML,78,65,2,0.08,NCSN,71127384
2022/03/13 20:51:32.26,36.58467,-121.18833,6.030,4.12,Mw,92,81,2,0.12,NCSN,73705146
2022/03/14 04:09:24.97,36.58600,-121.18283,5.890,3.07,ML,80,54,2,0.11,NCSN,73705251
2022/03/15 11:48:31.19,37.15800,-115.21616,-1.170,3.39,ML,13,249,95,0.18,NCSN,73705901
2022/03/15 18:15:34.69,35.82433,-117.65533,9.350,3.18,ML,17,79,17,0.15,NCSN,73706086
2022/03/18 04:51:22.29,38.52100,-119.54050,-0.540,3.99,Mw,32,69,5,0.09,NCSN,73707021
2022/03/18 15:16:25.79,36.48300,-120.90550,17.940,3.28,ML,94,50,6,0.19,NCSN,73707241
2022/03/19 16:59:41.39,37.00217,-121.76150,12.040,3.58,Mw,184,51,5,0.19,NCSN,73707826
2022/03/22 10:33:38.52,34.02367,-117.57450,4.950,3.39,ML,30,91,19,0.22,NCSN,73708721
2022/03/24 09:42:11.35,41.93700,-119.62150,16.900,3.30,Mh,18,282,57,0.34,NCSN,73709561
2022/03/25 21:10:58.61,39.12667,-122.25850,-0.490,3.67,Mw,74,49,3,0.25,NCSN,73710361
2022/03/26 17:46:51.28,38.51367,-119.54283,-0.460,3.29,ML,25,55,6,0.09,NCSN,73710701
2022/03/29 03:44:35.00,41.97950,-119.58350,10.250,3.30,Mh,11,298,60,0.09,NCSN,73711731
2022/03/29 22:27:18.98,37.13183,-116.18367,-0.740,3.08,ML,8,224,21,0.17,NCSN,73712061
2022/03/31 02:05:26.76,37.40933,-118.60316,10.530,3.93,Mw,37,62,7,0.07,NCSN,73712486
2022/03/31 08:16:30.00,37.41083,-118.60100,10.530,3.29,ML,31,61,7,0.07,NCSN,73712606
2022/03/31 22:39:04.67,36.81050,-121.53950,5.840,3.33,ML,126,29,3,0.18,NCSN,73712821
2022/04/01 11:34:29.81,38.21550,-117.86900,-1.900,3.84,ML,49,140,21,0.38,NCSN,73713031
2022/04/01 15:31:59.62,40.81650,-123.46967,26.050,3.02,ML,63,28,23,0.14,NCSN,73713091
2022/04/02 10:31:04.68,41.04533,-123.51050,33.390,3.54,ML,80,42,26,0.19,NCSN,73713331
2022/04/03 09:51:31.07,35.03167,-116.98050,4.420,3.92,ML,44,54,17,0.22,NCSN,73713681
2022/04/04 15:16:46.24,40.48717,-124.21017,21.400,4.07,Mw,48,56,7,0.15,NCSN,73714181
2022/04/04 15:18:31.59,40.48167,-124.21867,21.410,3.80,Mw,47,60,7,0.14,NCSN,73714176
2022/04/08 09:35:54.65,35.32000,-118.54450,8.260,3.51,ML,48,38,16,0.25,NCSN,73715906
2022/04/11 23:40:18.49,33.18467,-115.42950,10.060,3.35,ML,7,300,102,0.14,NCSN,73717221
2022/04/14 17:26:19.98,38.01083,-118.05117,9.850,3.32,ML,46,107,31,0.13,NCSN,73717525
2022/04/15 04:31:12.84,33.03617,-117.03484,2.260,4.50,Mw,10,229,10,0.69,NCSN,73717720
2022/04/17 05:38:34.07,32.29517,-116.04366,3.030,4.03,ML,11,263,73,0.29,NCSN,73718695
2022/04/19 05:00:09.15,38.79667,-122.98333,1.300,3.15,ML,81,34,4,0.06,NCSN,73719985
2022/04/22 05:02:34.90,36.67817,-121.30417,4.370,3.22,ML,87,54,5,0.12,NCSN,73721575
2022/04/30 18:17:56.92,38.81950,-122.80317,3.740,3.32,ML,96,22,1,0.07,NCSN,73726581
2022/05/01 03:17:37.97,38.79883,-122.81167,3.080,3.34,ML,124,29,1,0.07,NCSN,73727061
2022/05/02 21:56:48.67,36.12033,-118.07150,-1.330,3.82,ML,48,38,20,0.40,NCSN,73728446
2022/05/06 20:17:27.06,40.82133,-124.36134,23.020,3.25,ML,44,190,19,0.12,NCSN,73730206
2022/05/09 21:35:32.53,32.98950,-116.31233,1.490,3.67,ML,11,211,46,0.21,NCSN,73731436
2022/05/09 23:21:37.51,36.91333,-118.03600,5.660,3.24,ML,43,62,23,0.19,NCSN,73731516
2022/05/10 06:53:50.80,35.52617,-117.39400,11.100,3.54,ML,16,109,3,0.07,NCSN,73731611
2022/05/13 13:32:36.69,33.33750,-116.85567,6.380,3.74,ML,12,115,2,0.17,NCSN,73733146
2022/05/14 11:20:00.84,40.37717,-124.75467,18.350,3.00,Md,74,237,36,0.17,NCSN,73733606
2022/05/14 21:28:14.93,34.92233,-119.34000,1.450,3.54,ML,57,63,7,0.62,NCSN,73733751
2022/05/16 06:16:50.47,33.97850,-116.44017,-1.140,3.96,ML,21,74,37,0.53,NCSN,73734361
2022/05/20 16:20:35.46,40.48367,-124.30917,19.160,3.05,ML,42,127,3,0.11,NCSN,73736021
2022/05/22 01:30:30.39,37.51867,-118.82283,5.310,3.35,ML,45,46,8,0.05,NCSN,73736456
2022/05/26 08:11:39.70,37.22983,-118.29183,5.470,3.31,ML,35,76,1,0.05,NCSN,73738116
2022/05/26 09:23:32.35,35.60417,-117.41200,7.280,4.31,Mw,31,83,10,0.14,NCSN,73738141
2022/05/28 00:42:05.86,36.23833,-120.81084,6.670,3.02,ML,85,110,3,0.12,NCSN,73738836
2022/06/02 12:07:22.23,38.07650,-122.00767,18.430,4.14,Mw,224,24,6,0.25,NCSN,73740051
2022/06/02 20:57:23.24,38.20750,-117.88900,-1.790,3.66,ML,54,138,21,0.38,NCSN,73740131
2022/06/03 10:40:30.01,33.22750,-116.64333,5.580,3.75,ML,10,149,16,0.10,NCSN,73740221
2022/06/08 14:41:33.19,33.29100,-116.11417,0.030,3.22,ML,9,211,42,0.32,NCSN,73741521
2022/06/08 22:48:21.36,35.51050,-118.38350,8.930,3.89,ML,39,37,24,0.16,NCSN,73742991
2022/06/09 07:34:17.36,35.51000,-118.38250,7.740,3.39,ML,33,37,19,0.11,NCSN,73743206
2022/06/09 22:26:59.10,40.29150,-124.51884,20.180,3.79,Mw,45,235,15,0.12,NCSN,73743421
2022/06/13 09:40:43.53,38.94617,-123.00250,6.060,3.01,ML,88,49,12,0.08,NCSN,73744931
2022/06/16 16:55:22.84,38.20700,-117.81866,11.010,4.10,Mw,57,94,17,0.57,NCSN,73746271
2022/06/16 17:58:34.26,35.17967,-118.97500,14.160,3.35,ML,23,58,14,0.20,NCSN,73746326
2022/06/17 23:47:52.28,35.11600,-118.99400,13.970,3.32,ML,36,41,15,0.32,NCSN,73746876
2022/06/18 20:14:16.08,37.19233,-121.58067,5.080,3.33,ML,147,34,5,0.11,NCSN,73747161
2022/06/24 09:05:12.08,35.97233,-120.52666,10.720,3.35,Mw,76,57,1,0.08,NCSN,73750331
2022/06/28 11:57:40.71,38.83017,-122.74717,0.480,4.19,Mw,104,43,1,0.09,NCSN,73752031
2022/06/30 17:48:11.28,38.22200,-117.78833,-1.710,3.70,ML,48,193,18,0.58,NCSN,73752931
2022/07/01 05:27:56.81,37.19250,-118.26950,11.630,3.24,ML,34,101,4,0.08,NCSN,73753116
2022/07/01 11:13:48.54,41.40583,-119.23650,-1.090,3.32,Md,29,163,94,1.07,NCSN,73753176
2022/07/03 17:28:48.00,38.69400,-116.09000,0.041,3.50,ML,0,0,0,0.00,NCSN,73753946
2022/07/04 07:22:41.36,37.35300,-118.55167,10.300,3.38,ML,45,40,20,0.07,NCSN,73754191
2022/07/06 06:15:46.25,35.55350,-118.39967,6.810,3.71,ML,26,48,14,0.10,NCSN,73755231
2022/07/08 10:29:52.99,33.22783,-116.12450,-1.200,3.21,ML,14,119,43,0.37,NCSN,73756286
2022/07/11 15:02:04.12,38.68700,-116.08800,0.800,3.50,ML,0,0,0,0.00,NCSN,73757466
2022/07/11 16:47:18.00,38.67500,-116.08500,0.100,3.50,ML,0,0,0,0.00,NCSN,73757481
2022/07/13 16:01:36.27,33.30133,-116.31533,0.330,3.40,ML,7,186,39,0.23,NCSN,73758256
2022/07/14 18:54:03.57,33.27167,-116.01867,-1.140,3.60,ML,12,156,51,0.43,NCSN,73758621
2022/07/14 19:30:34.40,34.21733,-117.59167,6.050,3.34,ML,31,75,32,0.23,NCSN,73758641
2022/07/15 01:19:06.72,35.70850,-117.58533,9.930,4.59,Mw,25,122,15,0.14,NCSN,73758726
2022/07/15 01:47:56.92,32.96167,-122.26600,9.920,3.18,ML,18,324,255,0.18,NCSN,73758741
2022/07/17 08:19:59.64,38.81650,-122.82217,2.640,3.26,ML,99,19,1,0.05,NCSN,73759571
2022/07/17 10:41:43.48,33.41017,-118.01650,-0.510,3.55,ML,21,194,42,0.73,NCSN,73759706
2022/07/17 11:34:47.40,35.48633,-118.28384,5.940,3.48,ML,41,35,24,0.11,NCSN,73759731
2022/07/17 15:44:26.35,35.50917,-118.38116,7.610,3.88,Mw,39,47,19,0.14,NCSN,73759836
2022/07/17 18:18:39.61,33.26583,-115.99617,1.320,3.57,ML,11,205,53,0.43,NCSN,73759896
2022/07/18 17:07:58.07,35.51450,-118.38683,9.630,3.59,ML,34,47,18,0.11,NCSN,73760301
2022/07/19 17:00:16.92,37.91333,-118.45517,10.030,3.06,ML,41,65,14,0.10,NCSN,73760676
2022/07/22 00:11:28.50,36.19600,-117.82283,6.970,3.21,ML,17,83,9,0.13,NCSN,73761456
2022/07/23 01:41:04.68,39.46567,-121.47617,0.590,4.24,Mw,23,62,2,0.11,NCSN,73761796
2022/07/23 02:47:13.33,36.07433,-120.16300,7.880,3.37,ML,50,104,13,0.09,NCSN,73761801
2022/07/25 11:21:20.30,32.69517,-116.73550,3.960,4.21,Mw,8,226,6,0.17,NCSN,73762606
2022/08/02 21:44:06.98,40.31367,-124.57833,15.880,3.90,Mw,59,232,20,0.20,NCSN,73763275
2022/08/03 18:45:00.67,34.44617,-117.80517,-0.640,3.45,ML,41,77,46,0.68,NCSN,73763600
2022/08/08 02:38:51.56,36.65467,-121.09283,11.050,3.26,ML,93,54,12,0.17,NCSN,73765315
2022/08/08 20:44:14.11,38.58167,-119.44600,5.400,4.45,Mw,31,54,6,0.11,NCSN,73765585
2022/08/09 00:33:28.59,38.58433,-119.44883,5.070,3.00,ML,23,61,6,0.08,NCSN,73765725
2022/08/11 17:12:57.71,38.58600,-119.44984,5.230,3.49,ML,25,60,6,0.09,NCSN,73766880
2022/08/12 03:37:05.02,38.58767,-119.45233,5.200,3.45,ML,29,55,6,0.09,NCSN,73767145
2022/08/13 07:25:36.24,41.13200,-123.88200,28.270,3.17,ML,65,56,12,0.14,NCSN,73767575
2022/08/13 12:33:35.76,40.75750,-123.93550,22.580,3.57,Mw,62,31,10,0.17,NCSN,73767655
2022/08/17 00:53:01.40,33.91817,-116.78567,15.000,3.20,ML,15,88,24,0.16,NCSN,73768880
2022/08/25 07:32:51.33,33.30867,-116.33033,2.910,3.39,ML,10,184,22,0.17,NCSN,73771645
2022/08/27 19:42:52.74,37.35683,-121.71267,8.120,3.00,ML,125,33,5,0.08,NCSN,73772490
2022/08/28 13:04:11.34,38.19900,-117.97550,7.730,3.18,ML,23,171,27,0.14,NCSN,73772710
2022/08/28 22:48:03.50,35.64200,-118.31834,7.830,3.52,ML,37,42,9,0.21,NCSN,73772870
2022/08/30 18:31:27.29,38.16567,-117.91267,-1.740,3.83,ML,47,152,20,0.40,NCSN,73773465
2022/08/31 22:41:44.17,40.50550,-124.25600,26.240,3.33,ML,47,111,8,0.13,NCSN,73774035
2022/09/01 13:36:22.15,36.54900,-121.09650,1.600,4.00,Mw,74,64,5,0.09,NCSN,73774300
2022/09/01 15:21:20.38,41.96283,-119.57017,14.900,3.16,Md,28,129,59,0.27,NCSN,73774330
2022/09/03 17:04:55.94,33.99933,-117.56517,7.860,3.84,ML,35,93,18,0.20,NCSN,73775080
2022/09/04 18:57:55.73,36.56883,-121.13084,9.910,3.47,Mw,92,66,4,0.15,NCSN,73775400
2022/09/04 22:55:15.62,37.31217,-121.67817,7.770,3.36,ML,161,28,5,0.11,NCSN,73775530
2022/09/06 11:55:23.70,33.97300,-116.84866,-0.810,3.29,ML,15,88,31,0.28,NCSN,73776025
2022/09/11 06:55:21.99,36.63650,-121.25816,9.530,3.24,ML,88,54,6,0.12,NCSN,73780356
2022/09/12 20:09:09.11,39.60250,-120.40317,-1.550,3.30,ML,45,44,16,0.13,NCSN,73780871
2022/09/13 22:44:25.84,37.46650,-118.81233,8.990,3.00,ML,40,62,13,0.04,NCSN,73781266
2022/09/14 01:39:38.73,38.47500,-122.70717,5.570,4.39,Mw,151,22,3,0.14,NCSN,73781306
2022/09/14 01:40:20.42,38.48133,-122.70367,5.590,4.29,ML,142,24,2,0.11,NCSN,71129069
2022/09/15 20:07:05.39,36.94433,-121.03584,6.420,3.25,ML,88,48,9,0.15,NCSN,73782086
2022/09/16 16:12:42.85,38.52333,-119.50500,5.300,3.65,Mw,38,47,2,0.10,NCSN,73782441
2022/09/17 03:53:51.49,41.98933,-119.56467,0.470,3.01,Md,14,150,62,0.32,NCSN,73782636
2022/09/17 20:44:17.82,40.34083,-124.42367,18.880,3.18,ML,47,250,9,0.10,NCSN,73782876
2022/09/18 06:55:48.12,33.72700,-115.93716,-1.140,3.53,ML,15,123,31,0.54,NCSN,73783066
2022/09/18 09:13:21.68,33.73483,-115.91200,-1.160,3.45,ML,14,124,31,0.35,NCSN,73783091
2022/09/19 04:47:18.91,36.72967,-121.34534,7.740,3.26,ML,93,53,2,0.19,NCSN,73783386
2022/09/20 14:03:08.07,39.80050,-123.18616,9.050,3.96,Mw,77,28,10,0.19,NCSN,73783911
2022/09/20 18:34:41.62,33.32400,-115.80566,0.070,3.49,ML,12,162,64,0.44,NCSN,73784001
2022/09/21 02:43:10.55,40.29417,-124.41450,7.880,3.69,Mw,52,237,6,0.19,NCSN,73784121
2022/09/23 06:58:34.29,38.77133,-122.71400,1.660,3.05,ML,88,34,1,0.08,NCSN,73784941
2022/09/24 19:27:39.45,40.31367,-124.72450,13.080,4.84,Mw,116,228,33,0.24,NCSN,73785481
2022/09/27 08:03:39.10,35.50867,-118.38600,9.400,4.09,ML,39,37,19,0.13,NCSN,73786311
2022/09/27 13:02:57.99,34.41133,-116.48550,-1.230,3.24,ML,24,60,43,0.54,NCSN,73786411
2022/09/28 17:02:02.09,37.50000,-121.62067,7.610,3.35,Mw,135,53,4,0.11,NCSN,73786811
2022/09/30 11:50:11.87,33.48450,-116.50650,8.530,3.51,ML,8,151,15,0.07,NCSN,73787556
2022/10/03 08:24:34.24,33.86950,-117.73833,3.580,3.21,ML,24,110,36,0.34,NCSN,73788771
2022/10/05 04:51:30.35,37.32784,-120.04117,19.550,3.01,ML,94,43,16,0.18,NCSN,73789551
2022/10/07 22:45:04.85,33.02000,-116.30883,-0.280,3.63,ML,15,160,44,1.02,NCSN,73790631
2022/10/10 22:35:24.26,39.35917,-119.96584,-1.340,3.12,ML,27,57,10,0.09,NCSN,73791951
2022/10/12 00:28:36.75,38.54984,-119.44117,7.270,3.54,ML,36,50,5,0.07,NCSN,73792396
2022/10/12 12:54:07.08,35.05300,-118.98817,14.480,3.73,ML,37,41,17,0.27,NCSN,73792616
2022/10/14 17:24:22.41,35.04217,-118.98650,13.940,3.04,ML,25,42,17,0.25,NCSN,73793471
2022/10/15 17:30:41.78,38.76500,-122.71433,1.690,3.14,ML,91,23,1,0.06,NCSN,73793981
2022/10/19 23:59:04.76,38.81217,-122.81517,3.260,3.33,ML,106,26,1,0.05,NCSN,73795966
2022/10/19 23:59:50.05,38.81767,-122.80783,2.430,3.27,ML,97,19,1,0.05,NCSN,73795956
2022/10/20 00:02:34.81,38.81600,-122.81084,1.680,3.22,ML,92,20,1,0.06,NCSN,73796026
2022/10/20 07:55:16.77,40.34950,-123.51850,33.050,4.32,Mw,65,35,3,0.14,NCSN,73796766
2022/10/23 09:24:58.21,33.48417,-116.42284,4.950,3.27,ML,9,161,15,0.09,NCSN,73798206
2022/10/23 18:16:23.05,40.57817,-124.14000,28.350,4.10,Mw,59,49,1,0.13,NCSN,73798306
2022/10/25 18:42:02.71,37.31150,-121.67200,8.380,5.06,Mw,214,28,4,0.10,NCSN,73799091
2022/10/25 22:08:37.20,37.31067,-121.67516,8.050,3.54,Mw,141,28,5,0.08,NCSN,73799186
2022/10/26 06:24:19.66,38.54716,-119.53400,4.120,3.05,ML,28,64,4,0.08,NCSN,73799336
2022/10/26 08:14:34.02,33.64617,-116.72300,3.840,3.03,ML,8,82,8,0.56,NCSN,73799361
2022/10/27 17:54:22.55,40.31133,-124.36867,28.880,3.66,Mw,56,225,3,0.19,NCSN,73799821
2022/11/04 20:26:32.93,38.83317,-122.79617,2.470,3.19,ML,105,22,1,0.05,NCSN,73803326
2022/11/07 02:01:27.78,39.48283,-123.11650,5.640,3.76,Mw,70,71,11,0.08,NCSN,73804556
2022/11/07 19:41:35.35,38.51817,-119.52067,4.610,3.23,ML,28,96,4,0.05,NCSN,73802520
2022/11/12 13:11:22.40,38.51117,-119.51850,4.480,3.09,ML,31,83,3,0.07,NCSN,73804285
2022/11/15 04:01:52.00,39.33200,-117.47900,7.540,3.00,ML,0,0,0,0.00,NCSN,73807651
2022/11/21 00:52:21.46,37.97533,-116.02167,8.740,3.00,ML,16,298,161,0.81,NCSN,73809796
2022/12/01 15:28:29.39,32.80400,-116.00800,-0.760,4.17,ML,20,206,64,1.67,NCSN,73813491
2022/12/02 12:21:48.91,37.15633,-118.33800,8.170,3.91,ML,33,109,10,0.06,NCSN,73813816
2022/12/04 06:53:49.47,41.98267,-119.62183,-0.300,3.12,Md,27,146,57,0.88,NCSN,73814401
2022/12/05 23:13:16.71,37.32583,-121.68767,8.210,3.59,Mw,217,26,3,0.12,NCSN,73814941
2022/12/06 00:10:37.51,35.93567,-120.01266,9.460,3.98,Mw,68,75,9,0.16,NCSN,73814971
2022/12/06 08:43:21.67,41.98967,-119.56150,19.140,3.71,ML,34,150,62,0.28,NCSN,73815181
2022/12/07 14:13:22.47,35.50917,-118.39217,9.560,3.85,ML,36,36,19,0.09,NCSN,73815716
2022/12/08 02:46:32.30,39.63100,-120.13950,-1.240,3.12,ML,28,51,9,0.09,NCSN,73815951
2022/12/08 16:48:47.97,41.99100,-119.57400,-0.490,3.08,Md,12,149,61,0.37,NCSN,73816221
2022/12/09 07:10:32.00,38.35500,-115.83300,11.200,3.00,ML,0,0,0,0.00,NCSN,73816526
2022/12/13 12:31:28.82,36.60467,-121.20934,8.880,3.28,ML,73,55,4,0.09,NCSN,73818126
2022/12/17 11:39:42.86,37.91817,-122.30400,5.480,3.57,Mw,216,19,2,0.15,NCSN,73819746
2022/12/20 10:34:24.77,40.52500,-124.42300,17.910,6.40,Mw,47,214,9,0.18,NCSN,73821036
2022/12/20 10:37:21.12,40.54016,-124.31817,17.880,3.64,Md,35,186,5,0.10,NCSN,71129579
2022/12/20 10:38:02.97,40.62883,-123.98634,21.810,3.30,Mh,18,79,12,0.09,NCSN,71129584
2022/12/20 10:39:02.36,40.52283,-124.18816,26.550,4.92,Mw,48,60,8,0.12,NCSN,73821046
2022/12/20 10:39:46.16,40.55300,-124.33167,19.760,3.20,Mh,11,281,9,0.07,NCSN,71129554
2022/12/20 10:40:03.62,40.61117,-124.10683,23.040,3.20,Mh,7,260,12,0.01,NCSN,71129559
2022/12/20 10:41:28.86,41.29300,-124.01334,5.100,3.30,Mh,8,300,70,0.22,NCSN,71129564
2022/12/20 10:44:47.65,40.51833,-124.36784,14.190,3.30,Mh,24,226,5,0.14,NCSN,71129569
2022/12/20 10:44:53.93,40.60167,-124.32200,20.150,3.30,Mh,17,235,10,0.15,NCSN,71129574
2022/12/20 10:51:19.98,40.62000,-123.90800,23.310,3.20,Mh,9,100,9,0.40,NCSN,71129549
2022/12/20 10:52:39.63,40.58600,-124.31284,20.750,3.05,ML,40,190,4,0.10,NCSN,73821106
2022/12/20 10:53:16.68,40.52733,-124.35433,17.090,3.52,ML,31,211,6,0.14,NCSN,73821111
2022/12/20 11:42:54.98,40.52900,-124.31450,17.940,3.02,ML,28,180,4,0.09,NCSN,73821226
2022/12/20 13:35:06.29,40.52683,-124.32400,18.000,3.40,ML,26,187,6,0.09,NCSN,73821486
2022/12/20 13:53:19.70,40.51867,-124.38900,17.560,3.31,ML,29,212,6,0.09,NCSN,73821516
2022/12/20 15:09:05.74,40.60050,-124.06883,22.500,3.99,Mw,41,31,6,0.11,NCSN,73821636
2022/12/20 15:30:01.28,40.56567,-123.97667,20.100,3.01,ML,52,46,9,0.14,NCSN,73821656
2022/12/20 15:33:26.91,40.54617,-124.31817,18.060,3.18,ML,28,188,6,0.14,NCSN,73821666
2022/12/20 16:33:41.55,40.53033,-124.36234,17.700,3.20,ML,40,206,6,0.13,NCSN,73821761
2022/12/20 22:06:34.38,40.54550,-124.32917,19.740,4.35,Mw,46,188,6,0.17,NCSN,73822026
2022/12/21 01:07:33.71,40.50583,-124.46616,22.800,3.02,ML,34,231,11,0.08,NCSN,73822146
2022/12/21 07:17:15.20,40.69300,-124.02900,21.970,3.00,ML,36,42,11,0.11,NCSN,73822341
2022/12/21 16:28:16.31,40.59717,-124.06517,22.030,3.30,ML,41,33,6,0.10,NCSN,73822556
2022/12/22 02:22:50.25,37.62017,-122.02500,3.820,3.34,Mw,161,16,1,0.16,NCSN,73822861
2022/12/22 08:47:13.41,40.52000,-124.41100,17.870,3.33,ML,43,238,8,0.13,NCSN,73822961
2022/12/22 11:49:55.86,40.36017,-124.33466,28.710,3.79,Mw,42,206,6,0.11,NCSN,73823036
2022/12/24 19:33:44.19,40.55717,-124.00833,22.400,4.16,Mw,55,43,10,0.15,NCSN,73824236
2022/12/28 13:22:52.90,39.07117,-118.28133,-2.070,3.33,ML,26,200,84,0.97,NCSN,73825971
2022/12/31 11:41:09.65,34.35483,-116.91200,2.690,3.67,ML,27,42,10,0.26,NCSN,73827156
2022/12/31 12:12:26.46,33.39067,-116.36750,2.290,4.20,Mw,11,100,19,0.19,NCSN,73827176
2023/01/01 06:19:31.41,36.59583,-121.20016,8.140,3.14,ML,73,66,3,0.10,NCSN,73827426
2023/01/01 06:49:10.19,36.59500,-121.20634,7.740,3.90,Mw,76,72,3,0.13,NCSN,73827436
2023/01/01 18:35:04.51,40.40900,-123.97100,30.630,5.35,Mw,56,44,13,0.13,NCSN,73827571
2023/01/02 22:41:09.12,37.37100,-118.36800,5.960,3.06,ML,28,72,4,0.07,NCSN,73828121
2023/01/04 20:49:34.04,36.02500,-117.77150,5.490,3.22,ML,15,66,13,0.09,NCSN,73828851
2023/01/06 12:27:19.50,40.70683,-124.21033,18.710,3.27,ML,36,161,2,0.12,NCSN,73829331
2023/01/09 19:42:56.53,33.39817,-116.38467,4.680,3.22,ML,8,171,17,0.11,NCSN,73830416
2023/01/10 15:34:50.36,36.07850,-118.91133,10.920,3.39,ML,43,32,9,0.36,NCSN,73830756
2023/01/10 18:32:14.70,40.94883,-124.03033,22.200,3.61,Mw,51,107,15,0.14,NCSN,73830791
2023/01/11 17:21:42.95,40.52133,-124.93233,17.860,4.05,Mw,81,234,51,0.21,NCSN,73831091
2023/01/11 18:59:20.27,33.70300,-116.74834,15.290,3.25,ML,8,78,4,0.11,NCSN,73831101
2023/01/13 10:02:52.52,40.52450,-124.41000,18.400,3.50,ML,34,223,8,0.10,NCSN,73831546
2023/01/14 03:06:21.67,38.52850,-119.52050,5.560,3.20,ML,20,108,6,0.05,NCSN,73831751
2023/01/15 22:51:35.92,37.29517,-120.02800,16.430,3.38,ML,49,55,29,0.23,NCSN,73832526
2023/01/19 13:58:40.06,35.86317,-117.70016,11.470,3.33,ML,15,115,19,0.10,NCSN,73833986
2023/01/19 17:15:55.93,36.80967,-121.53100,5.320,3.56,Mw,102,32,5,0.17,NCSN,73834041
2023/01/19 19:21:41.85,36.80733,-121.53200,4.170,3.16,ML,85,37,3,0.17,NCSN,73834081
2023/01/19 20:30:07.05,41.12867,-123.87650,26.260,3.66,Mw,77,89,24,0.12,NCSN,73834131
2023/01/20 01:18:07.66,38.75117,-123.09483,6.280,3.59,Mw,90,85,7,0.09,NCSN,73834231
2023/01/20 07:15:39.92,36.48400,-120.69234,10.280,3.02,ML,73,131,15,0.13,NCSN,73834401
2023/01/20 08:01:14.57,41.12800,-123.87534,25.270,4.26,Mw,84,89,25,0.17,NCSN,73834441
2023/01/21 03:27:50.44,38.82084,-122.78800,0.900,3.06,ML,106,21,1,0.07,NCSN,73834926
2023/01/23 13:58:02.95,37.10933,-121.51683,5.650,3.62,ML,115,31,6,0.10,NCSN,73836266
2023/01/25 10:00:54.32,33.85000,-118.70016,11.730,4.18,Mw,58,189,41,0.31,NCSN,73836996
2023/01/25 10:03:33.01,33.89700,-118.68833,-0.370,3.68,ML,17,205,42,0.12,NCSN,73837001
2023/01/27 10:28:22.08,40.58800,-124.12383,17.100,3.23,ML,60,29,1,0.15,NCSN,73838231
2023/01/28 17:16:14.95,38.20667,-117.85183,-0.760,3.39,ML,36,192,19,0.34,NCSN,73838846
2023/01/28 23:56:58.67,40.53550,-124.39733,24.700,3.70,Mw,57,209,8,0.12,NCSN,73838976
2023/02/02 00:11:02.03,34.30167,-118.47700,-0.400,3.29,ML,29,102,13,0.53,NCSN,73840711
2023/02/03 08:08:31.12,34.75333,-121.57317,28.950,3.60,Mh,41,256,84,0.45,NCSN,73841336
2023/02/05 03:23:06.22,38.18483,-117.90400,1.000,3.52,ML,34,176,21,0.15,NCSN,73842041
2023/02/09 10:13:10.45,36.14517,-120.23650,10.850,3.34,ML,71,86,11,0.11,NCSN,73843856
2023/02/13 10:09:46.30,32.97650,-115.93884,4.280,3.24,ML,6,146,50,0.22,NCSN,73845671
2023/02/14 17:41:39.09,40.22400,-123.15017,39.420,3.00,ML,82,25,24,0.15,NCSN,73846356
2023/02/16 19:13:53.44,38.83850,-122.82000,2.350,3.34,Md,88,32,1,0.05,NCSN,73847376
2023/02/22 15:48:21.61,40.55950,-124.22034,15.630,3.07,ML,37,70,4,0.11,NCSN,73850141
2023/02/22 18:22:12.49,38.17100,-117.89400,3.540,3.23,ML,30,193,19,0.24,NCSN,73850226
2023/02/28 13:30:51.44,35.61533,-117.41583,6.350,3.33,ML,20,71,28,0.17,NCSN,73852906
2023/03/01 07:09:40.82,38.82867,-122.81483,1.960,3.30,ML,101,18,1,0.06,NCSN,73853396
2023/03/02 21:16:17.21,38.79083,-122.77583,3.830,3.35,ML,134,25,1,0.07,NCSN,73854491
2023/03/02 21:16:50.53,38.78767,-122.78217,2.720,3.59,Mw,109,26,1,0.06,NCSN,73854486
2023/03/07 14:33:12.44,36.59417,-121.20116,9.290,3.80,ML,76,54,3,0.08,NCSN,73856426
2023/03/14 05:00:29.24,37.51767,-117.98350,0.110,3.82,Mw,36,144,34,0.10,NCSN,73856490
2023/03/14 09:25:08.50,37.51367,-117.98367,1.110,3.04,ML,35,115,34,0.15,NCSN,73856610
2023/03/14 09:35:28.88,37.51950,-117.97200,-0.460,3.15,ML,32,146,35,0.06,NCSN,73856635
2023/03/14 10:13:18.68,37.52133,-117.97100,-1.230,3.88,Mw,38,117,35,0.07,NCSN,73856670
2023/03/14 17:41:24.71,36.69967,-121.33900,4.020,3.19,ML,54,109,1,0.08,NCSN,73856840
2023/03/14 17:41:44.82,36.70033,-121.34000,3.990,3.24,ML,57,102,1,0.10,NCSN,73856835
2023/03/14 17:46:51.42,36.69750,-121.33817,4.190,3.21,ML,65,101,1,0.11,NCSN,73856845
2023/03/15 18:29:41.78,35.74733,-121.24550,6.150,3.49,Mw,95,169,11,0.10,NCSN,73857320
2023/03/15 21:44:05.16,37.51050,-117.95567,-0.790,3.75,Mw,43,147,36,0.11,NCSN,73857425
2023/03/18 07:03:42.53,37.50967,-117.97200,-0.210,3.87,Mw,35,146,35,0.08,NCSN,73858500
2023/03/18 14:23:06.66,37.50800,-117.97417,0.320,3.70,Mw,42,116,35,0.09,NCSN,73858675
2023/03/18 16:52:07.82,33.24417,-115.86483,1.320,3.54,ML,9,215,65,0.39,NCSN,73858735
2023/03/18 17:19:33.89,33.25267,-115.85767,-1.020,3.59,ML,12,166,65,0.64,NCSN,73858750
2023/03/21 23:18:19.63,40.54150,-124.37250,18.100,4.54,Mw,50,204,8,0.18,NCSN,73860415
2023/03/23 03:38:53.70,36.70350,-121.34100,4.040,3.22,ML,68,53,1,0.09,NCSN,73860860
2023/03/24 00:30:20.64,35.53450,-117.44083,11.300,3.31,ML,14,107,7,0.07,NCSN,73861305
2023/03/24 13:45:13.30,33.16483,-116.37617,-0.760,3.57,ML,12,94,27,0.29,NCSN,73861580
2023/03/26 06:20:46.38,35.81450,-116.85650,4.120,3.49,ML,32,131,53,1.69,NCSN,73862425
2023/03/28 13:01:18.36,37.61733,-122.47733,9.130,3.40,ML,148,69,2,0.07,NCSN,73863515
2023/04/01 01:16:07.89,33.37550,-116.91634,9.010,4.18,Mw,13,145,29,0.16,NCSN,73865215
2023/04/01 16:24:56.23,37.75050,-122.14267,7.580,3.00,ML,181,15,4,0.10,NCSN,73865490
2023/04/01 16:43:48.28,37.74917,-122.14333,7.620,3.01,ML,180,15,3,0.10,NCSN,73865505
2023/04/03 11:35:27.84,35.20183,-118.66883,7.450,3.24,ML,23,72,4,0.08,NCSN,73866210
2023/04/04 21:47:00.31,35.39250,-122.26266,11.370,3.60,Mh,23,273,103,0.91,NCSN,73866915
2023/04/04 22:23:17.82,36.80100,-121.32300,10.160,4.41,Mw,126,48,8,0.17,NCSN,73866925
2023/04/08 05:07:58.56,38.83484,-122.81067,2.090,3.05,ML,105,27,1,0.07,NCSN,73868965
2023/04/11 17:40:32.91,37.10933,-121.51817,5.680,3.00,ML,147,31,6,0.16,NCSN,73870790
2023/04/12 02:22:35.25,36.56500,-121.15550,3.660,3.26,ML,77,65,2,0.10,NCSN,73871065
2023/04/12 05:39:51.75,38.83517,-122.80683,2.450,4.43,Mw,114,24,1,0.07,NCSN,73871215
2023/04/12 06:30:34.02,38.80133,-122.77317,0.390,3.09,ML,112,31,1,0.06,NCSN,73871740
2023/04/13 02:52:41.47,37.49067,-118.83967,3.800,3.02,ML,30,104,11,0.05,NCSN,73872830
2023/04/13 07:42:10.81,38.78650,-122.76350,2.010,3.88,Mw,105,31,2,0.06,NCSN,73872965
2023/04/14 14:56:51.93,32.49067,-115.33183,0.800,3.83,ML,7,316,128,0.13,NCSN,73873590
2023/04/17 07:45:16.69,33.82217,-120.51767,12.080,3.42,ML,99,246,28,0.46,NCSN,73874595
2023/04/17 15:27:56.98,34.94300,-116.70766,-1.030,3.58,ML,28,46,27,0.64,NCSN,73874745
2023/04/20 03:35:47.71,37.91633,-121.83967,16.040,3.65,Mw,228,32,12,0.26,NCSN,73875700
2023/04/21 09:13:56.10,36.93800,-121.43983,3.880,3.16,ML,114,35,8,0.14,NCSN,73876195
2023/04/25 04:12:15.21,35.76600,-121.23217,7.630,3.12,ML,75,167,12,0.09,NCSN,73877500
2023/04/26 06:46:58.62,34.02450,-116.85433,19.980,3.71,ML,20,82,27,0.12,NCSN,73877890
2023/04/26 07:34:33.37,37.28683,-121.65767,6.260,3.10,ML,165,31,3,0.11,NCSN,73877910
2023/04/28 06:49:53.62,32.81083,-115.62383,4.310,3.22,ML,5,298,99,0.14,NCSN,73881311
2023/04/29 12:07:04.92,32.83517,-115.64817,8.620,4.05,Mw,8,216,98,0.19,NCSN,73881786
2023/04/29 18:16:10.37,32.79417,-115.44400,4.470,3.02,ML,5,307,116,0.18,NCSN,73881936
2023/04/29 21:06:48.45,32.81750,-115.59917,4.310,3.84,ML,8,300,102,0.16,NCSN,73881981
2023/04/30 05:55:59.73,33.02867,-116.00117,-0.870,3.42,ML,10,269,63,0.31,NCSN,73882166
2023/04/30 06:40:00.26,32.88667,-115.79583,3.040,3.01,ML,6,287,85,0.08,NCSN,73882181
2023/04/30 07:09:35.12,33.17383,-115.61633,18.720,4.40,Mw,13,101,44,0.28,NCSN,73882201
2023/04/30 07:32:13.67,33.12650,-115.62833,23.770,3.24,ML,5,129,39,0.03,NCSN,73882216
2023/04/30 07:58:20.26,33.13417,-115.67250,-0.670,4.31,Mw,12,140,42,0.87,NCSN,73882226
2023/04/30 11:44:03.53,33.17183,-115.63983,-0.720,3.29,ML,10,99,44,0.37,NCSN,73882261
2023/05/01 20:36:51.37,33.01300,-115.99866,1.980,3.09,ML,10,240,65,0.21,NCSN,73882801
2023/05/01 23:13:47.48,38.89050,-123.65950,9.070,3.62,Mw,69,216,13,0.10,NCSN,73882866
2023/05/03 01:40:24.26,35.88000,-117.72283,11.110,3.57,ML,19,112,17,0.07,NCSN,73883196
2023/05/03 03:14:17.84,36.81167,-121.54083,5.090,3.12,ML,86,34,4,0.19,NCSN,73883241
2023/05/05 11:12:15.58,35.05267,-118.88983,15.910,3.37,ML,18,82,10,0.18,NCSN,73884146
2023/05/08 15:05:23.98,34.04183,-118.64200,-0.570,3.36,ML,24,154,45,0.35,NCSN,73885411
2023/05/11 23:19:41.99,40.20417,-121.10950,5.850,5.48,Mw,56,46,6,0.16,NCSN,73886731
2023/05/12 02:54:45.39,40.19600,-121.10033,4.790,3.79,Mw,52,46,7,0.18,NCSN,73886856
2023/05/12 10:18:41.31,40.19600,-121.09983,6.060,5.16,Mw,51,37,7,0.19,NCSN,73887046
2023/05/12 12:42:51.93,40.19417,-121.09317,4.590,3.09,ML,44,38,7,0.17,NCSN,73887101
2023/05/13 21:07:31.04,38.82183,-122.76534,2.040,3.02,ML,102,41,1,0.07,NCSN,73887711
2023/05/16 11:37:26.63,40.23717,-121.16783,6.020,3.24,ML,44,33,2,0.20,NCSN,73888746
2023/05/17 15:01:45.26,36.64850,-121.27200,3.750,3.07,ML,77,77,6,0.12,NCSN,73889176
2023/05/18 15:55:53.71,40.22517,-121.13467,8.400,3.72,Mw,49,35,3,0.17,NCSN,73889641
2023/05/20 08:18:16.23,33.37300,-116.89933,-1.270,3.47,ML,12,101,29,0.45,NCSN,73890261
2023/05/21 03:26:28.61,37.28833,-117.59683,-1.090,4.25,Mw,75,113,38,0.26,NCSN,73890591
2023/05/21 03:35:54.06,37.28033,-117.59184,0.670,3.06,ML,38,112,37,0.23,NCSN,73890601
2023/05/24 00:30:24.60,37.28033,-117.58767,3.130,3.15,ML,37,112,37,0.11,NCSN,73889220
2023/05/26 11:26:25.00,40.22667,-121.14783,6.710,4.13,Mw,43,46,2,0.18,NCSN,73890170
2023/05/26 20:39:01.38,38.63766,-119.77700,-1.280,3.08,ML,63,38,23,0.20,NCSN,73890315
2023/05/30 08:31:38.26,37.29383,-117.57283,-1.320,3.21,ML,35,114,38,0.96,NCSN,73891575
2023/05/30 20:24:52.29,33.98583,-119.12500,9.870,3.49,ML,30,157,83,0.45,NCSN,73891750
2023/05/31 03:00:51.69,36.41817,-118.26350,-1.430,3.39,ML,72,53,50,0.32,NCSN,73891865
2023/06/01 08:57:15.84,40.51933,-124.43600,17.910,3.04,ML,41,219,10,0.16,NCSN,73894986
2023/06/02 00:23:05.84,39.61583,-119.96667,4.590,4.12,ML,31,120,1,0.23,NCSN,73895196
2023/06/02 00:28:07.80,39.62067,-119.95817,3.950,3.17,ML,22,129,1,0.08,NCSN,73895201
2023/06/03 12:01:18.96,38.79217,-122.77850,3.830,4.45,Mw,107,25,1,0.06,NCSN,73895826
2023/06/03 12:01:28.41,38.79617,-122.79533,0.840,4.17,Md,23,81,1,0.06,NCSN,71130559
2023/06/03 12:01:51.91,38.79667,-122.77750,-0.870,3.45,Md,42,74,1,0.05,NCSN,71130564
2023/06/04 04:43:02.52,33.13533,-116.50650,-0.510,3.20,ML,12,89,25,0.16,NCSN,73896711
2023/06/04 16:41:44.33,34.22900,-119.73183,-0.390,3.28,ML,33,158,24,0.35,NCSN,73896956
2023/06/06 02:56:01.40,40.48500,-124.76967,15.730,3.50,ML,96,223,37,0.14,NCSN,73897551
2023/06/13 22:45:43.79,36.53683,-121.14550,2.600,3.29,ML,78,107,1,0.12,NCSN,73900831
2023/06/15 18:03:48.59,40.28850,-124.47667,12.940,3.12,ML,45,244,11,0.17,NCSN,73901451
2023/06/18 03:44:59.09,39.08933,-123.08950,10.520,4.35,Mw,101,64,19,0.11,NCSN,73902356
2023/06/19 06:49:11.33,35.49617,-118.15000,5.450,3.64,ML,37,36,24,0.15,NCSN,73902786
2023/06/24 10:10:33.90,34.94867,-116.72984,-0.970,3.39,ML,26,45,26,0.45,NCSN,73904581
2023/06/26 01:50:47.46,39.63800,-119.65550,2.090,3.66,Mw,14,104,25,0.07,NCSN,73905376
2023/06/26 02:26:51.12,39.63583,-119.65550,-1.900,3.21,ML,18,102,25,0.15,NCSN,73905391
2023/06/27 01:05:30.89,39.62950,-119.64550,1.840,3.21,ML,14,107,24,0.08,NCSN,73905796
2023/06/28 04:39:36.60,37.05383,-121.50867,7.670,3.01,ML,112,27,4,0.14,NCSN,73906226
2023/06/30 05:10:14.02,35.00100,-118.52500,12.010,3.44,ML,15,94,16,0.06,NCSN,73907006
2023/06/30 20:59:41.31,40.22300,-121.14950,5.480,3.22,ML,45,28,3,0.18,NCSN,73907241
2023/07/02 09:29:47.90,33.76383,-118.90017,21.420,3.89,Mw,63,165,57,0.32,NCSN,73907751
2023/07/04 14:58:49.57,40.38983,-124.40950,29.860,3.88,Mw,54,223,11,0.16,NCSN,73908746
2023/07/05 02:16:54.90,38.55333,-118.16866,-1.590,3.55,ML,56,171,45,0.34,NCSN,73908936
2023/07/05 09:21:20.94,40.23150,-121.15717,5.250,3.50,Mw,48,28,2,0.26,NCSN,73909066
2023/07/09 05:30:39.73,38.74950,-122.73150,1.500,3.34,ML,102,36,1,0.07,NCSN,73910536
2023/07/13 11:37:25.48,38.17750,-117.84866,2.610,3.00,Mh,11,308,58,0.07,NCSN,73912231
2023/07/14 01:00:31.98,38.15667,-118.02067,9.390,3.09,ML,31,152,29,0.10,NCSN,73912506
2023/07/14 02:45:58.01,38.76917,-122.72667,1.390,3.18,ML,100,26,1,0.08,NCSN,73912546
2023/07/16 03:37:31.79,38.54883,-118.15984,-1.360,3.21,ML,33,178,45,0.09,NCSN,73913496
2023/07/16 04:36:10.10,38.54367,-118.18383,17.560,3.85,Mw,52,114,43,0.71,NCSN,73913521
2023/07/19 07:34:24.35,39.53483,-116.55400,11.510,4.52,Mw,33,135,115,0.54,NCSN,73914491
2023/07/29 01:34:01.01,38.51583,-119.52033,4.780,3.13,ML,25,97,4,0.06,NCSN,73917796
2023/07/30 13:49:04.32,37.25617,-121.63233,5.880,3.61,Mw,157,34,4,0.09,NCSN,73918291
2023/08/02 05:38:09.12,33.11083,-115.65350,-0.360,4.21,Mw,12,95,39,1.02,NCSN,73919311
2023/08/04 08:15:01.85,37.52700,-118.85333,5.790,3.01,ML,40,100,7,0.06,NCSN,73920066
2023/08/04 20:38:28.01,36.53400,-119.30283,-0.540,3.00,Mh,9,180,30,0.03,NCSN,73920341
2023/08/05 22:06:03.71,37.86917,-118.08234,2.450,3.00,Mh,5,356,71,0.03,NCSN,73920791
2023/08/06 23:25:26.02,35.31767,-118.56650,7.570,3.50,ML,29,33,15,0.12,NCSN,73921211
2023/08/10 19:17:18.37,35.93450,-120.48400,9.500,4.28,Mw,86,54,3,0.11,NCSN,73922596
2023/08/13 02:08:14.20,38.17967,-117.84683,4.700,3.00,Mh,16,214,17,0.06,NCSN,73923511
2023/08/13 15:28:58.92,40.95067,-124.26550,22.990,3.80,Mw,59,172,15,0.14,NCSN,73923661
2023/08/15 14:44:24.22,37.86567,-122.04767,9.800,3.04,ML,140,43,5,0.11,NCSN,73924411
2023/08/17 19:59:00.19,34.91233,-119.04533,10.650,3.41,ML,45,44,21,0.42,NCSN,73925256
2023/08/17 21:08:00.86,40.31833,-124.23434,31.930,4.07,Mw,60,49,4,0.13,NCSN,73925281
2023/08/20 07:21:16.84,34.32583,-116.85717,-1.050,3.30,ML,21,50,9,0.54,NCSN,73926156
2023/08/20 21:41:01.31,34.40933,-119.17633,13.070,5.03,Mw,80,142,29,0.37,NCSN,73926401
2023/08/20 21:45:26.64,34.43017,-119.15533,2.920,3.85,ML,16,238,34,0.25,NCSN,73926406
2023/08/20 21:47:34.15,34.44250,-119.18266,-0.840,3.34,ML,14,208,59,0.35,NCSN,73926411
2023/08/20 21:55:42.55,34.44217,-119.13950,-0.330,3.35,ML,20,142,28,0.26,NCSN,73926421
2023/08/20 22:08:52.83,34.43033,-119.16333,-0.880,3.64,ML,29,148,29,0.41,NCSN,73926436
2023/08/20 22:18:16.56,34.41817,-119.17400,2.610,3.96,ML,41,141,29,0.34,NCSN,73926451
2023/08/20 22:55:15.62,34.45383,-119.16367,-0.760,3.12,ML,18,141,31,0.43,NCSN,73926486
2023/08/21 02:30:22.33,38.54483,-119.54550,1.700,3.13,ML,24,83,5,0.06,NCSN,73926586
2023/08/21 05:25:17.40,34.43000,-119.17583,-0.850,3.83,Mw,33,155,30,0.23,NCSN,73926656
2023/08/21 05:41:23.81,34.44717,-119.14133,8.010,3.23,ML,25,152,29,0.22,NCSN,73926666
2023/08/21 23:50:25.36,34.41033,-119.18716,9.820,3.36,ML,28,118,30,0.35,NCSN,73926871
2023/08/22 10:33:30.27,40.29367,-124.55317,15.430,3.11,ML,57,250,18,0.17,NCSN,73927056
2023/08/22 11:39:19.19,34.41700,-119.14367,2.430,3.98,Mw,52,116,27,0.35,NCSN,73927061
2023/08/24 14:57:02.87,34.40233,-119.18066,1.480,3.31,ML,33,145,37,0.42,NCSN,73928001
2023/08/25 14:14:45.62,38.82467,-122.81050,3.040,3.96,Mw,125,18,0,0.07,NCSN,73928421
2023/08/29 08:05:31.62,32.83767,-117.99533,-0.380,3.68,Mw,24,221,100,1.66,NCSN,73930456
2023/08/31 00:59:36.22,37.43283,-121.30217,-0.380,3.25,Mw,128,90,6,0.22,NCSN,73931156
2023/09/01 23:30:16.02,40.60233,-121.82917,14.040,3.06,ML,49,36,11,0.13,NCSN,73931886
2023/09/04 17:56:45.40,35.14367,-119.03600,7.310,3.41,ML,47,45,19,0.55,NCSN,73933046
2023/09/05 14:43:10.05,33.62033,-120.02283,3.700,3.32,ML,27,287,55,0.46,NCSN,73933361
2023/09/08 17:24:38.39,40.95300,-121.56000,15.630,4.99,Mw,46,33,9,0.12,NCSN,73934641
2023/09/08 17:25:05.95,40.96183,-121.57050,12.440,4.33,ML,19,90,8,0.05,NCSN,71131324
2023/09/08 23:40:28.12,34.02167,-116.96167,0.230,3.16,ML,17,76,27,0.22,NCSN,73934866
2023/09/10 08:52:11.29,38.17017,-117.85350,2.980,3.20,Mh,5,209,16,0.02,NCSN,73935346
2023/09/12 08:32:21.45,37.18750,-121.57300,5.810,3.28,ML,161,36,5,0.11,NCSN,73935981
2023/09/14 02:43:54.09,36.57450,-121.17567,7.740,3.35,ML,93,53,0,0.15,NCSN,73936566
2023/09/18 01:39:45.04,36.69867,-118.05750,4.830,3.20,Mh,5,348,97,0.58,NCSN,73938106
2023/09/18 04:17:37.72,39.22250,-120.09566,3.530,3.22,ML,38,52,9,0.12,NCSN,73938166
2023/09/18 06:20:52.98,38.81083,-122.79300,1.470,3.22,ML,120,31,0,0.10,NCSN,73938186
2023/09/19 00:15:32.58,37.44183,-121.28484,0.050,3.97,Mw,181,93,6,0.17,NCSN,73938626
2023/09/19 03:44:30.55,37.43583,-121.30317,-0.400,3.49,Mw,159,90,6,0.19,NCSN,73938706
2023/09/19 04:13:10.38,37.43817,-121.29583,3.510,4.53,Mw,180,91,6,0.18,NCSN,73938736
2023/09/19 05:25:21.35,37.42200,-121.30367,3.680,3.06,ML,137,137,4,0.20,NCSN,73938826
2023/09/23 15:57:47.94,37.41867,-121.30450,3.440,3.22,ML,133,126,4,0.17,NCSN,73940786
2023/09/25 06:42:34.29,35.02533,-119.65217,11.080,3.05,ML,48,64,9,0.38,NCSN,73941666
2023/09/26 18:40:03.09,40.69400,-123.58100,30.660,3.17,ML,85,22,24,0.15,NCSN,73942216
2023/09/27 01:29:07.85,35.88150,-117.68833,9.140,3.07,ML,15,157,20,0.10,NCSN,73942381
2023/09/27 20:00:21.39,38.55800,-119.51183,4.580,3.60,ML,33,112,3,0.07,NCSN,73942611
2023/09/30 15:26:26.76,40.55883,-124.28867,17.880,4.65,Mw,64,166,3,0.20,NCSN,73943821
2023/09/30 17:16:47.83,40.50100,-124.43850,29.090,4.22,Mw,57,221,9,0.14,NCSN,73943846
2023/10/01 15:41:29.62,40.29517,-124.28700,9.800,4.09,Mw,59,105,3,0.17,NCSN,73944166
2023/10/01 19:29:36.76,40.29150,-124.29050,9.590,3.61,Mw,53,115,3,0.17,NCSN,73944271
2023/10/02 17:03:08.60,34.94316,-119.02567,4.600,3.08,ML,34,64,21,0.30,NCSN,73944636
2023/10/05 03:09:58.05,35.03617,-117.66450,7.760,3.46,ML,19,53,12,0.10,NCSN,73945606
2023/10/08 21:30:23.90,38.82717,-122.80400,1.750,3.87,Mw,108,20,1,0.06,NCSN,73947486
2023/10/12 21:41:21.44,36.46583,-120.88084,17.230,3.00,ML,95,83,6,0.20,NCSN,73946520
2023/10/15 17:23:57.13,39.00100,-117.05800,0.800,3.50,ML,0,0,0,0.00,NCSN,73947530
2023/10/15 19:50:16.70,34.57217,-119.13050,7.970,3.90,ML,48,108,18,0.25,NCSN,73947590
2023/10/15 19:52:15.10,34.56333,-119.14100,-0.900,3.31,ML,45,98,19,0.33,NCSN,73947600
2023/10/15 23:53:04.27,39.62117,-119.64400,0.570,3.29,ML,17,112,24,0.14,NCSN,73947670
2023/10/16 10:20:49.74,40.31567,-124.05483,31.060,4.83,Mw,56,52,5,0.12,NCSN,73947830
2023/10/16 10:31:25.06,40.75600,-124.52084,23.630,4.03,Mw,81,204,27,0.17,NCSN,73947835
2023/10/18 16:29:14.99,38.12700,-121.64283,8.460,4.24,Mw,157,20,15,0.41,NCSN,73948665
2023/10/18 18:26:54.09,39.62250,-119.64100,5.450,3.69,ML,12,109,24,0.07,NCSN,73948685
2023/10/19 07:43:03.47,39.62000,-119.64217,-1.670,3.68,ML,18,107,24,0.16,NCSN,73948880
2023/10/20 15:59:25.31,39.62567,-119.64017,4.760,3.56,ML,17,108,24,0.10,NCSN,73949370
2023/10/26 16:37:43.92,41.94050,-119.67333,17.740,3.53,ML,62,176,52,0.23,NCSN,73951665
2023/10/26 16:39:56.47,36.02733,-117.77717,6.190,3.62,ML,19,101,12,0.08,NCSN,73951670
2023/10/28 01:38:31.78,37.61783,-122.37700,11.610,3.67,Mw,228,29,3,0.11,NCSN,73952475
2023/10/28 05:40:18.74,38.55717,-119.51033,4.460,4.24,Mw,28,112,3,0.05,NCSN,73952605
2023/10/28 05:49:49.12,38.55367,-119.50616,4.900,3.29,ML,26,113,4,0.06,NCSN,73952610
2023/10/30 12:31:37.89,33.48233,-116.41617,2.040,3.45,ML,8,163,15,0.07,NCSN,73953675
2023/10/31 02:18:25.20,38.34517,-118.91534,11.530,3.17,ML,69,114,18,0.16,NCSN,73953985
2023/11/03 20:12:18.80,34.41700,-119.16483,13.410,4.09,ML,76,117,36,0.34,NCSN,73955655
2023/11/06 01:51:05.37,40.12883,-121.11417,0.870,3.35,ML,61,24,13,0.17,NCSN,73956640
2023/11/06 20:13:16.32,36.19450,-117.98383,4.660,3.03,ML,18,50,14,0.12,NCSN,73956975
2023/11/07 17:57:18.62,38.94950,-118.55417,-1.870,3.33,ML,16,169,78,0.55,NCSN,73957320
2023/11/10 15:30:43.47,38.21667,-117.83350,-1.840,4.14,Mw,49,144,19,0.54,NCSN,73960946
2023/11/11 03:15:24.73,40.41700,-124.82083,17.420,4.10,Mw,146,221,42,0.21,NCSN,73961261
2023/11/13 17:54:51.05,37.24733,-118.27533,12.750,3.23,ML,39,103,2,0.08,NCSN,73962521
2023/11/19 13:26:24.06,40.62433,-123.62517,22.720,3.24,ML,79,20,17,0.15,NCSN,73964546
2023/11/22 15:49:00.46,40.63334,-124.31300,22.720,3.17,ML,36,211,8,0.10,NCSN,73965951
2023/11/27 10:37:40.36,35.52283,-118.38483,9.080,3.70,ML,34,36,23,0.10,NCSN,73968356
2023/11/28 07:59:39.53,34.26400,-116.80950,-1.140,3.62,ML,31,77,10,0.67,NCSN,73968911
2023/11/28 09:32:27.93,40.37366,-119.41283,-1.310,3.04,Md,31,184,35,1.11,NCSN,73968936
2023/11/28 10:19:54.64,33.27533,-116.20800,-1.200,3.31,ML,12,113,44,0.24,NCSN,73968956
2023/11/29 23:35:30.92,33.94567,-116.84967,2.740,3.14,ML,14,92,29,0.19,NCSN,73969696
2023/12/01 07:35:43.64,32.76950,-115.87000,7.250,3.20,ML,7,179,40,0.07,NCSN,73970296
2023/12/01 07:43:27.98,32.75067,-115.86283,-0.220,4.80,Mw,19,184,39,1.83,NCSN,73970301
2023/12/01 15:51:26.53,32.76550,-115.88400,4.780,3.31,ML,7,180,41,0.09,NCSN,73970401
2023/12/04 05:47:02.88,37.06550,-118.53150,10.460,3.49,ML,56,42,27,0.08,NCSN,73971566
2023/12/05 04:09:58.02,33.84317,-117.91283,-0.210,3.45,ML,18,111,38,0.27,NCSN,73971956
2023/12/06 04:30:22.22,32.77667,-115.87267,4.730,3.59,ML,9,178,40,0.25,NCSN,73972406
2023/12/07 06:16:51.83,36.85083,-120.96967,6.530,3.70,ML,160,25,16,0.20,NCSN,73972711
2023/12/08 23:58:19.07,34.00083,-116.33250,-1.260,3.18,ML,16,98,31,0.32,NCSN,73973406
2023/12/09 21:44:53.71,33.16633,-115.68584,2.020,3.15,ML,7,108,46,0.28,NCSN,73973891
2023/12/11 14:19:51.27,39.94800,-120.84883,-0.130,3.35,ML,75,76,31,0.16,NCSN,73974566
2023/12/13 06:52:19.61,38.79683,-122.74600,0.340,3.50,Mw,115,26,1,0.07,NCSN,73975501
2023/12/15 14:28:18.36,34.22300,-116.79134,-1.060,3.14,ML,23,59,13,0.59,NCSN,73976551
2023/12/19 09:31:40.76,39.61666,-119.63866,5.380,3.66,ML,13,107,24,0.07,NCSN,73978051
2023/12/23 05:52:22.50,33.63933,-117.98983,8.930,3.52,ML,17,157,29,0.24,NCSN,73979756
2023/12/23 15:42:08.07,33.98917,-116.33817,-1.260,3.04,ML,15,88,31,0.48,NCSN,73979946
2023/12/26 11:07:25.64,35.92933,-117.68684,7.390,3.13,ML,21,79,22,0.13,NCSN,73981251
2023/12/27 12:08:20.86,35.93467,-117.68450,6.820,3.25,ML,20,79,22,0.10,NCSN,73981726
2023/12/27 13:19:44.25,35.93250,-117.68716,5.640,3.11,ML,21,79,22,0.11,NCSN,73981766
2023/12/27 17:25:29.31,35.93017,-117.68600,8.270,3.39,ML,19,118,22,0.11,NCSN,73981826
2023/12/27 20:05:40.51,35.23550,-120.78400,6.220,3.07,ML,52,111,0,0.08,NCSN,73981856
2023/12/29 07:10:11.88,38.81400,-122.79884,2.080,3.89,Mw,108,27,1,0.06,NCSN,73982331
2023/12/30 02:26:27.30,35.39967,-118.64450,8.410,3.69,ML,24,33,14,0.11,NCSN,73982846
2023/12/30 08:29:11.03,35.74950,-117.57467,9.020,3.36,ML,25,82,17,0.13,NCSN,73982921
