<?xml version="1.0" encoding="UTF-8"?>
<metadata xml:lang="en"><Esri><CreaDate>20190721</CreaDate><CreaTime>16100800</CreaTime><ArcGISFormat>1.0</ArcGISFormat><SyncOnce>TRUE</SyncOnce><DataProperties><itemProps><itemLocation><linkage Sync="TRUE">file://\\DESKTOP-TJBF2TE\D$\RECYCLE\UPLOAD\megathrust</linkage><protocol Sync="TRUE">Local Area Network</protocol></itemLocation></itemProps><copyHistory><copy source="D:\RECYCLE\BNPB\megathrust" dest="\\DESKTOP-TJBF2TE\D$\RECYCLE\UPLOAD\megathrust" date="20190721" time="16100800"></copy></copyHistory></DataProperties></Esri></metadata>
