Grid_ID,Lon_start,Lon_end,Lat_start,Lat_end,Earthquake_count,FD_bw_2.3,FD_bw_1.3,FD_bw_5.0,FD_bw_0.4,FD_bw_0.3,FD_bw_0.2,FD_bw_0.1,FD_bw_0.5,FD_bw_0.6,FD_bw_1.6,FD_bw_4.2,FD_bw_1.5,FD_bw_0.9,FD_bw_4.7,FD_bw_4.1,FD_bw_4.4,FD_bw_1.1,FD_bw_1.9,FD_bw_0.8,FD_bw_0.7,FD_bw_3.6,FD_bw_1.7,FD_bw_4.8,FD_bw_1.8,FD_bw_3.0,FD_bw_2.6,FD_bw_3.8,FD_bw_2.2,FD_bw_3.4,FD_bw_3.1
grid_1,-121.0,-120.0,35.0,36.0,1,,,,,,,,,,,,,,,,,,,,,,,,,,,,,,
grid_2,95.0,96.0,-11.0,-10.0,1,,,,,,,,,,,,,,,,,,,,,,,,,,,,,,
grid_3,95.0,96.0,-9.0,-8.0,1,,,,,,,,,,,,,,,,,,,,,,,,,,,,,,
grid_4,95.0,96.0,-8.0,-7.0,1,,,,,,,,,,,,,,,,,,,,,,,,,,,,,,
grid_5,95.0,96.0,-7.0,-6.0,3,,,,0.5816428591259551,0.6119638659493123,0.654721400401173,,,,,,,,,,,,,,,,,,,,,,,,
grid_6,95.0,96.0,-3.0,-2.0,1,,,,,,,,,,,,,,,,,,,,,,,,,,,,,,
grid_7,95.0,96.0,0.0,1.0,4,,,,0.6194770035015431,0.5959168244859214,0.537938289663319,,,,,,,,,,,,,,,,,,,,,,,,
grid_8,95.0,96.0,1.0,2.0,34,,,,0.582218819833844,0.5667185420915336,0.4879456774842636,,,,,,,,,,,,,,,,,,,,,,,,
grid_9,95.0,96.0,2.0,3.0,484,,,,,0.7405026532415779,0.6737465135129433,0.5449523651334817,,,,,,,,,,,,,,,,,,,,,,,
grid_10,95.0,96.0,3.0,4.0,212,,,,,0.6421358067643818,0.5974748186631675,0.4461082645185586,,,,,,,,,,,,,,,,,,,,,,,
grid_11,95.0,96.0,4.0,5.0,260,,,,,0.593832923990849,0.49521295140677285,0.35853329791603744,,,,,,,,,,,,,,,,,,,,,,,
grid_12,95.0,96.0,5.0,6.0,89,,,,,0.6492541646245442,0.7084358908277829,0.6091136406272862,,,,,,,,,,,,,,,,,,,,,,,
grid_13,96.0,97.0,-11.0,-10.0,1,,,,,,,,,,,,,,,,,,,,,,,,,,,,,,
grid_14,96.0,97.0,-10.0,-9.0,1,,,,,,,,,,,,,,,,,,,,,,,,,,,,,,
grid_15,96.0,97.0,-6.0,-5.0,1,,,,,,,,,,,,,,,,,,,,,,,,,,,,,,
grid_16,96.0,97.0,-3.0,-2.0,2,,,,,,,,,,,,,,,,,,,,,,,,,,,,,,
grid_17,96.0,97.0,-2.0,-1.0,4,,,,,0.5265495154751282,,,0.5568092176045021,0.5617118982777082,,,,,,,,,,,,,,,,,,,,,
grid_18,96.0,97.0,-1.0,0.0,53,,,,,0.7756979881431031,0.6928506479051896,0.5317243873182738,,,,,,,,,,,,,,,,,,,,,,,
grid_19,96.0,97.0,0.0,1.0,212,,,,,0.694157149868981,0.6238593041683993,0.47819952913397074,,,,,,,,,,,,,,,,,,,,,,,
grid_20,96.0,97.0,1.0,2.0,288,,,,,0.6984241820530614,0.6634987318215211,0.5159956651270862,,,,,,,,,,,,,,,,,,,,,,,
grid_21,96.0,97.0,2.0,3.0,719,,,,,0.697231847585581,0.6629276043835752,0.5324046200127859,,,,,,,,,,,,,,,,,,,,,,,
grid_22,96.0,97.0,3.0,4.0,205,,,,,0.6424225153045371,0.5559983737149529,0.44909158428244483,,,,,,,,,,,,,,,,,,,,,,,
grid_23,96.0,97.0,4.0,5.0,223,,,,,0.6589413105873347,0.6531252768704434,0.4913954226315005,,,,,,,,,,,,,,,,,,,,,,,
grid_24,96.0,97.0,5.0,6.0,51,,,,,0.7956070067579323,0.7098719601770087,0.5832546584935906,,,,,,,,,,,,,,,,,,,,,,,
grid_25,97.0,98.0,-10.0,-9.0,2,,,,,,,,,,,,,,,,,,,,,,,,,,,,,,
grid_26,97.0,98.0,-7.0,-6.0,2,,,,,,,,,,,,,,,,,,,,,,,,,,,,,,
grid_27,97.0,98.0,-6.0,-5.0,2,,,,,,,,,,,,,,,,,,,,,,,,,,,,,,
grid_28,97.0,98.0,-3.0,-2.0,2,,,,,,,,,,,,,,,,,,,,,,,,,,,,,,
grid_29,97.0,98.0,-2.0,-1.0,39,,,,0.6816827325821534,0.6359856094080789,0.5767710744914732,,,,,,,,,,,,,,,,,,,,,,,,
grid_30,97.0,98.0,-1.0,0.0,110,,,,,0.582664046468226,0.5368340300189732,0.4275581230325928,,,,,,,,,,,,,,,,,,,,,,,
grid_31,97.0,98.0,0.0,1.0,705,,,,,0.587379513146297,0.5358757082393235,0.39954668769311963,,,,,,,,,,,,,,,,,,,,,,,
grid_32,97.0,98.0,1.0,2.0,1060,,,,,0.7332616659901103,0.6562921214013603,0.528077424311474,,,,,,,,,,,,,,,,,,,,,,,
grid_33,97.0,98.0,2.0,3.0,142,,,,,0.6211969466101094,0.5755848273985508,0.4601658138465855,,,,,,,,,,,,,,,,,,,,,,,
grid_34,97.0,98.0,3.0,4.0,81,,,,,0.5941777067905285,0.5565234163114177,0.40611600967724854,,,,,,,,,,,,,,,,,,,,,,,
grid_35,97.0,98.0,4.0,5.0,56,,,,,0.5903027749259077,0.5907266834511674,0.4426206839840979,,,,,,,,,,,,,,,,,,,,,,,
grid_36,97.0,98.0,5.0,6.0,7,,,,0.5758324386652992,0.47689541200452845,,,0.6223002394059401,,,,,,,,,,,,,,,,,,,,,,
grid_37,98.0,99.0,-10.0,-9.0,1,,,,,,,,,,,,,,,,,,,,,,,,,,,,,,
grid_38,98.0,99.0,-7.0,-6.0,3,,,,,,0.5589126600549195,0.6373272734824886,,,0.5192002677294479,,,,,,,,,,,,,,,,,,,,
grid_39,98.0,99.0,-5.0,-4.0,4,,,,,,,0.544466308822764,,,,0.5529263950379633,0.553711332489076,,,,,,,,,,,,,,,,,,
grid_40,98.0,99.0,-4.0,-3.0,4,,,,0.6820950533877342,0.6298251420151789,0.5384281077238751,,,,,,,,,,,,,,,,,,,,,,,,
grid_41,98.0,99.0,-3.0,-2.0,9,,,,0.6843735642890315,0.6983933944846251,,0.5122141387298177,,,,,,,,,,,,,,,,,,,,,,,
grid_42,98.0,99.0,-2.0,-1.0,59,,,,,0.6606407488115835,0.5912500389818443,0.4649822885041199,,,,,,,,,,,,,,,,,,,,,,,
grid_43,98.0,99.0,-1.0,0.0,130,,,,,0.5970531877975314,0.6007027061745683,0.5162238134727921,,,,,,,,,,,,,,,,,,,,,,,
grid_44,98.0,99.0,0.0,1.0,268,,,,,0.654028956078579,0.5839910300604015,0.4592159720995308,,,,,,,,,,,,,,,,,,,,,,,
grid_45,98.0,99.0,1.0,2.0,139,,,,,0.5427146848073151,0.5043412553358987,0.49308576670283577,,,,,,,,,,,,,,,,,,,,,,,
grid_46,98.0,99.0,2.0,3.0,95,,,,,0.6123400849241805,0.5725704267001654,0.48745981208480454,,,,,,,,,,,,,,,,,,,,,,,
grid_47,98.0,99.0,3.0,4.0,43,,,,,0.6882907626016007,0.6033733522963676,0.42960951441913386,,,,,,,,,,,,,,,,,,,,,,,
grid_48,98.0,99.0,4.0,5.0,1,,,,,,,,,,,,,,,,,,,,,,,,,,,,,,
grid_49,98.0,99.0,5.0,6.0,1,,,,,,,,,,,,,,,,,,,,,,,,,,,,,,
grid_50,99.0,100.0,-8.0,-7.0,1,,,,,,,,,,,,,,,,,,,,,,,,,,,,,,
grid_51,99.0,100.0,-5.0,-4.0,4,,,,0.6189206282567445,0.6232537106806652,0.6011062278156907,,,,,,,,,,,,,,,,,,,,,,,,
grid_52,99.0,100.0,-4.0,-3.0,124,,,,,0.7370431270038937,0.658078584908774,0.5552120786450708,,,,,,,,,,,,,,,,,,,,,,,
grid_53,99.0,100.0,-3.0,-2.0,214,,,,,0.7100596698846484,0.6697874864347194,0.6161997862571139,,,,,,,,,,,,,,,,,,,,,,,
grid_54,99.0,100.0,-2.0,-1.0,633,,,,,0.7551509919057867,0.6750331607050873,0.541935512294978,,,,,,,,,,,,,,,,,,,,,,,
grid_55,99.0,100.0,-1.0,0.0,95,,,,,0.6255651738773943,0.590911649012733,0.5111033589001425,,,,,,,,,,,,,,,,,,,,,,,
grid_56,99.0,100.0,0.0,1.0,83,,,,,0.6587698598823157,0.5986424903978343,0.5009506687322897,,,,,,,,,,,,,,,,,,,,,,,
grid_57,99.0,100.0,1.0,2.0,235,,,,,0.673215535707896,0.6110987148157094,0.5159729772898943,,,,,,,,,,,,,,,,,,,,,,,
grid_58,99.0,100.0,2.0,3.0,112,,,,,0.7374927713922508,0.6862729965200047,0.5617629274737779,,,,,,,,,,,,,,,,,,,,,,,
grid_59,99.0,100.0,3.0,4.0,5,,,,,,,0.425969413597654,,,,,,0.5619543345979132,0.5634596303932999,,,,,,,,,,,,,,,,
grid_60,100.0,101.0,-7.0,-6.0,12,,,,0.6839083165838616,,0.5525259219574059,0.3885561749492279,,,,,,,,,,,,,,,,,,,,,,,
grid_61,100.0,101.0,-6.0,-5.0,13,,,,,0.6534577494724363,,0.47497954207249465,0.7291599302936541,,,,,,,,,,,,,,,,,,,,,,
grid_62,100.0,101.0,-5.0,-4.0,68,,,,,0.6814533907062519,0.6266963066825607,0.48843964261556616,,,,,,,,,,,,,,,,,,,,,,,
grid_63,100.0,101.0,-4.0,-3.0,318,,,,,0.6474675734574207,0.6248671690188448,0.5234375006422071,,,,,,,,,,,,,,,,,,,,,,,
grid_64,100.0,101.0,-3.0,-2.0,245,,,,,0.6553738368942068,0.623419321483284,0.5011374381454948,,,,,,,,,,,,,,,,,,,,,,,
grid_65,100.0,101.0,-2.0,-1.0,161,,,,,0.6352285429362408,0.5503454709340532,0.42363649750752036,,,,,,,,,,,,,,,,,,,,,,,
grid_66,100.0,101.0,-1.0,0.0,74,,,,,0.5848277413356567,0.5752539090149139,0.4884036802800701,,,,,,,,,,,,,,,,,,,,,,,
grid_67,100.0,101.0,0.0,1.0,71,,,,,0.7138212773555901,0.6524419285764412,0.5545041154272012,,,,,,,,,,,,,,,,,,,,,,,
grid_68,100.0,101.0,1.0,2.0,21,,,,,0.6538866097762333,0.6249245863382589,0.5790138240338196,,,,,,,,,,,,,,,,,,,,,,,
grid_69,100.0,101.0,2.0,3.0,4,,,,,,0.579077884385419,0.5000746757444076,,,,,,,,0.5305845965431466,,,,,,,,,,,,,,,
grid_70,101.0,102.0,-8.0,-7.0,7,,,,,0.6600945707891791,0.5892388183397416,,,0.7313306526063572,,,,,,,,,,,,,,,,,,,,,
grid_71,101.0,102.0,-7.0,-6.0,28,,,,,0.6509574441269329,0.5883801968777345,0.42949832010308225,,,,,,,,,,,,,,,,,,,,,,,
grid_72,101.0,102.0,-6.0,-5.0,121,,,,,0.6472906484658718,0.5849018139727651,0.4685690473421854,,,,,,,,,,,,,,,,,,,,,,,
grid_73,101.0,102.0,-5.0,-4.0,352,,,,,0.6801381697647275,0.6925041752490237,0.5401321721125621,,,,,,,,,,,,,,,,,,,,,,,
grid_74,101.0,102.0,-4.0,-3.0,270,,,,,0.5944958903359955,0.5981628552065572,0.49223041919572086,,,,,,,,,,,,,,,,,,,,,,,
grid_75,101.0,102.0,-3.0,-2.0,152,,,,,0.6800947674068789,0.5847648890999437,0.42528417937135493,,,,,,,,,,,,,,,,,,,,,,,
grid_76,101.0,102.0,-2.0,-1.0,26,,,,,0.5791279359524122,0.5089729881411869,0.395452318412161,,,,,,,,,,,,,,,,,,,,,,,
grid_77,101.0,102.0,-1.0,0.0,12,,,,0.6523876604185069,0.6196671058106479,0.5529705331039455,,,,,,,,,,,,,,,,,,,,,,,,
grid_78,101.0,102.0,0.0,1.0,5,,,,,0.40768522655210127,,,0.44752441334289833,0.4448696646663189,,,,,,,,,,,,,,,,,,,,,
grid_79,101.0,102.0,1.0,2.0,1,,,,,,,,,,,,,,,,,,,,,,,,,,,,,,
grid_80,102.0,103.0,-11.0,-10.0,1,,,,,,,,,,,,,,,,,,,,,,,,,,,,,,
grid_81,102.0,103.0,-9.0,-8.0,1,,,,,,,,,,,,,,,,,,,,,,,,,,,,,,
grid_82,102.0,103.0,-8.0,-7.0,25,,,,0.6582419716448369,0.5868410609054304,0.5104503050204972,,,,,,,,,,,,,,,,,,,,,,,,
grid_83,102.0,103.0,-7.0,-6.0,88,,,,,0.5866378631831531,0.6063469392766563,0.5222555053385058,,,,,,,,,,,,,,,,,,,,,,,
grid_84,102.0,103.0,-6.0,-5.0,523,,,,,0.6588588612483396,0.6148964567960891,0.5781634796786327,,,,,,,,,,,,,,,,,,,,,,,
grid_85,102.0,103.0,-5.0,-4.0,632,,,,,0.5945144318743125,0.6021368547825279,0.48150015396475226,,,,,,,,,,,,,,,,,,,,,,,
grid_86,102.0,103.0,-4.0,-3.0,92,,,,,0.5572525475122985,0.5482740746582639,0.5460887680063812,,,,,,,,,,,,,,,,,,,,,,,
grid_87,102.0,103.0,-3.0,-2.0,88,,,,,0.6989919586743714,0.6780029193688168,0.5372148372717871,,,,,,,,,,,,,,,,,,,,,,,
grid_88,102.0,103.0,-2.0,-1.0,11,,,,0.805590479989434,,0.7492358347070152,0.7692380992356157,,,,,,,,,,,,,,,,,,,,,,,
grid_89,102.0,103.0,-1.0,0.0,1,,,,,,,,,,,,,,,,,,,,,,,,,,,,,,
grid_90,102.0,103.0,1.0,2.0,1,,,,,,,,,,,,,,,,,,,,,,,,,,,,,,
grid_91,103.0,104.0,-9.0,-8.0,6,,,,,0.7028593618727447,0.6088966797006949,0.46494495215932347,,,,,,,,,,,,,,,,,,,,,,,
grid_92,103.0,104.0,-8.0,-7.0,72,,,,,0.7149896380101822,0.6603483892511641,0.4700385331407795,,,,,,,,,,,,,,,,,,,,,,,
grid_93,103.0,104.0,-7.0,-6.0,267,,,,,0.6928126786553211,0.6031840461513395,0.4822926320557217,,,,,,,,,,,,,,,,,,,,,,,
grid_94,103.0,104.0,-6.0,-5.0,232,,,,,0.634509596112832,0.6536195931485318,0.5666837196672271,,,,,,,,,,,,,,,,,,,,,,,
grid_95,103.0,104.0,-5.0,-4.0,181,,,,,0.7345546113960765,0.6428547377930542,0.4937091314529544,,,,,,,,,,,,,,,,,,,,,,,
grid_96,103.0,104.0,-4.0,-3.0,35,,,,0.6094770275625594,0.570331956910025,0.4904401496028938,,,,,,,,,,,,,,,,,,,,,,,,
grid_97,103.0,104.0,-3.0,-2.0,8,,,,0.5758748775980698,0.5354744873793531,0.4064104899849844,,,,,,,,,,,,,,,,,,,,,,,,
grid_98,103.0,104.0,-2.0,-1.0,1,,,,,,,,,,,,,,,,,,,,,,,,,,,,,,
grid_99,104.0,105.0,-9.0,-8.0,20,,,,0.7382404616574101,,0.7134625484319981,0.5879971657782549,,,,,,,,,,,,,,,,,,,,,,,
grid_100,104.0,105.0,-8.0,-7.0,73,,,,,0.5984381539168253,0.5258999064104003,0.43864217766906677,,,,,,,,,,,,,,,,,,,,,,,
grid_101,104.0,105.0,-7.0,-6.0,248,,,,,0.6402336061738099,0.6308608976813047,0.5506056861217359,,,,,,,,,,,,,,,,,,,,,,,
grid_102,104.0,105.0,-6.0,-5.0,146,,,,,0.6458541633948481,0.5806275951227775,0.46634174374647847,,,,,,,,,,,,,,,,,,,,,,,
grid_103,104.0,105.0,-5.0,-4.0,29,,,,,0.5683995693357489,0.5610398094377482,0.5280467430622129,,,,,,,,,,,,,,,,,,,,,,,
grid_104,104.0,105.0,-4.0,-3.0,9,,,,,0.6976743613397907,0.5980438579283176,0.43087005819990254,,,,,,,,,,,,,,,,,,,,,,,
grid_105,104.0,105.0,-3.0,-2.0,2,,,,,,,,,,,,,,,,,,,,,,,,,,,,,,
grid_106,105.0,106.0,-11.0,-10.0,3,,,,,0.4447398597703824,0.5054580691736837,0.6461941310849915,,,,,,,,,,,,,,,,,,,,,,,
grid_107,105.0,106.0,-10.0,-9.0,5,,,,,0.5296511940558409,0.48612508658353304,,0.5465775668325265,,,,,,,,,,,,,,,,,,,,,,
grid_108,105.0,106.0,-9.0,-8.0,58,,,,,0.6696724966794937,0.677604824321106,0.4885200750544763,,,,,,,,,,,,,,,,,,,,,,,
grid_109,105.0,106.0,-8.0,-7.0,122,,,,,0.7109658668128364,0.6624708286317804,0.5106350474187218,,,,,,,,,,,,,,,,,,,,,,,
grid_110,105.0,106.0,-7.0,-6.0,243,,,,,0.6371821912525952,0.6335500628757148,0.5753589884970403,,,,,,,,,,,,,,,,,,,,,,,
grid_111,105.0,106.0,-6.0,-5.0,119,,,,,0.7274844983539799,0.6397382745653764,0.48964652759436433,,,,,,,,,,,,,,,,,,,,,,,
grid_112,105.0,106.0,-5.0,-4.0,9,,,,,0.526849994872642,0.460542431155839,0.3646682084535514,,,,,,,,,,,,,,,,,,,,,,,
grid_113,105.0,106.0,-4.0,-3.0,1,,,,,,,,,,,,,,,,,,,,,,,,,,,,,,
grid_114,105.0,106.0,-2.0,-1.0,1,,,,,,,,,,,,,,,,,,,,,,,,,,,,,,
grid_115,106.0,107.0,-11.0,-10.0,1,,,,,,,,,,,,,,,,,,,,,,,,,,,,,,
grid_116,106.0,107.0,-10.0,-9.0,42,,,,0.5936424737197316,0.5713069908049025,0.4958220818615305,,,,,,,,,,,,,,,,,,,,,,,,
grid_117,106.0,107.0,-9.0,-8.0,93,,,,,0.5782485861128128,0.5536200799611246,0.5153415150034778,,,,,,,,,,,,,,,,,,,,,,,
grid_118,106.0,107.0,-8.0,-7.0,227,,,,,0.5829982095489303,0.5715342945098305,0.49092388662523573,,,,,,,,,,,,,,,,,,,,,,,
grid_119,106.0,107.0,-7.0,-6.0,140,,,,,0.6323576063489809,0.5814828593879893,0.450742054431602,,,,,,,,,,,,,,,,,,,,,,,
grid_120,106.0,107.0,-6.0,-5.0,25,,,,0.6218540627258361,0.5770268558707343,0.5047019377388934,,,,,,,,,,,,,,,,,,,,,,,,
grid_121,106.0,107.0,-5.0,-4.0,4,,,,0.5933817598586001,0.5698629250941798,0.5231035760742327,,,,,,,,,,,,,,,,,,,,,,,,
grid_122,106.0,107.0,4.0,5.0,1,,,,,,,,,,,,,,,,,,,,,,,,,,,,,,
grid_123,107.0,108.0,-11.0,-10.0,49,,,,,0.6705014563196818,0.61885339293069,0.47759544498409046,,,,,,,,,,,,,,,,,,,,,,,
grid_124,107.0,108.0,-10.0,-9.0,314,,,,,0.633848879554029,0.609284819255418,0.5718864906669568,,,,,,,,,,,,,,,,,,,,,,,
grid_125,107.0,108.0,-9.0,-8.0,124,,,,,0.7276972549508651,0.7258528177463686,0.5690858165654893,,,,,,,,,,,,,,,,,,,,,,,
grid_126,107.0,108.0,-8.0,-7.0,229,,,,,0.6648992341545888,0.6311718185583816,0.46091878241775697,,,,,,,,,,,,,,,,,,,,,,,
grid_127,107.0,108.0,-7.0,-6.0,49,,,,0.5742513079321878,0.5660669375383961,0.5086854334236979,,,,,,,,,,,,,,,,,,,,,,,,
grid_128,107.0,108.0,-6.0,-5.0,22,,,,,,0.7214434938927382,0.5740711528519294,,0.8304531033175766,,,,,,,,,,,,,,,,,,,,,
grid_129,107.0,108.0,-5.0,-4.0,3,,,,0.33653889562943656,,0.3432719020808837,0.37126293863221865,,,,,,,,,,,,,,,,,,,,,,,
grid_130,108.0,109.0,-11.0,-10.0,68,,,,,0.6903927472572738,0.6280919591997192,0.4791141245185003,,,,,,,,,,,,,,,,,,,,,,,
grid_131,108.0,109.0,-10.0,-9.0,252,,,,,0.6324032002876069,0.6251275460572479,0.5928218737744959,,,,,,,,,,,,,,,,,,,,,,,
grid_132,108.0,109.0,-9.0,-8.0,141,,,,,0.5991785816019185,0.5530699177759337,0.44872677411864975,,,,,,,,,,,,,,,,,,,,,,,
grid_133,108.0,109.0,-8.0,-7.0,112,,,,,0.6394606506892008,0.5640263434985535,0.4190688548995479,,,,,,,,,,,,,,,,,,,,,,,
grid_134,108.0,109.0,-7.0,-6.0,38,,,,,0.4986338029583971,0.5779350859056631,0.5121916081973659,,,,,,,,,,,,,,,,,,,,,,,
grid_135,108.0,109.0,-6.0,-5.0,4,,,,0.6510125712371093,0.6519932141292986,,,0.6470044290230632,,,,,,,,,,,,,,,,,,,,,,
grid_136,108.0,109.0,-5.0,-4.0,3,,,,,,0.47953734934825615,0.5957990487000817,0.4395745336155321,,,,,,,,,,,,,,,,,,,,,,
grid_137,108.0,109.0,0.0,1.0,1,,,,,,,,,,,,,,,,,,,,,,,,,,,,,,
grid_138,109.0,110.0,-11.0,-10.0,24,,,,,0.6384704200389223,0.6138380042195091,0.4221087686013334,,,,,,,,,,,,,,,,,,,,,,,
grid_139,109.0,110.0,-10.0,-9.0,56,,,,,0.564339874386518,0.48733022575946655,0.4634235812818735,,,,,,,,,,,,,,,,,,,,,,,
grid_140,109.0,110.0,-9.0,-8.0,79,,,,,0.5938969981877584,0.5008845332212675,0.44307312465734655,,,,,,,,,,,,,,,,,,,,,,,
grid_141,109.0,110.0,-8.0,-7.0,35,,,,0.7135608240926586,0.6690865161052526,0.6036511385459945,,,,,,,,,,,,,,,,,,,,,,,,
grid_142,109.0,110.0,-7.0,-6.0,11,,,,,0.7078830470213977,0.6803666942578661,0.6995435566921229,,,,,,,,,,,,,,,,,,,,,,,
grid_143,109.0,110.0,-6.0,-5.0,7,,,,0.6967416888034513,,0.5064984188150844,0.4565651094988607,,,,,,,,,,,,,,,,,,,,,,,
grid_144,109.0,110.0,-4.0,-3.0,1,,,,,,,,,,,,,,,,,,,,,,,,,,,,,,
grid_145,109.0,110.0,-3.0,-2.0,2,,,,,,,,,,,,,,,,,,,,,,,,,,,,,,
grid_146,109.0,110.0,-1.0,0.0,1,,,,,,,,,,,,,,,,,,,,,,,,,,,,,,
grid_147,109.0,110.0,2.0,3.0,2,,,,,,,,,,,,,,,,,,,,,,,,,,,,,,
grid_148,110.0,111.0,-11.0,-10.0,25,,,,,0.6414709435688002,0.5518308717579579,0.46343756710218087,,,,,,,,,,,,,,,,,,,,,,,
grid_149,110.0,111.0,-10.0,-9.0,95,,,,,0.7064699696205544,0.6430106775636907,0.5397175451096771,,,,,,,,,,,,,,,,,,,,,,,
grid_150,110.0,111.0,-9.0,-8.0,116,,,,,0.6421356019407567,0.576943368782721,0.49718377105827305,,,,,,,,,,,,,,,,,,,,,,,
grid_151,110.0,111.0,-8.0,-7.0,26,,,,0.716935979223057,0.66747084972465,0.5824998027398114,,,,,,,,,,,,,,,,,,,,,,,,
grid_152,110.0,111.0,-7.0,-6.0,6,,,,0.7585548985340487,0.7479335562905572,,0.547082089213466,,,,,,,,,,,,,,,,,,,,,,,
grid_153,110.0,111.0,-6.0,-5.0,70,,,,,0.6416454652082988,0.6477735852052167,0.5624312869889361,,,,,,,,,,,,,,,,,,,,,,,
grid_154,110.0,111.0,-3.0,-2.0,1,,,,,,,,,,,,,,,,,,,,,,,,,,,,,,
grid_155,111.0,112.0,-11.0,-10.0,31,,,,0.6143902300641166,0.5356802861998525,0.5089908019709577,,,,,,,,,,,,,,,,,,,,,,,,
grid_156,111.0,112.0,-10.0,-9.0,135,,,,,0.6161896812440573,0.5642557539711787,0.4593456872215513,,,,,,,,,,,,,,,,,,,,,,,
grid_157,111.0,112.0,-9.0,-8.0,148,,,,,0.6580426819739765,0.598418804943147,0.4935329047108026,,,,,,,,,,,,,,,,,,,,,,,
grid_158,111.0,112.0,-8.0,-7.0,34,,,,,0.5528187383171597,0.5098606286517451,0.3937346939834643,,,,,,,,,,,,,,,,,,,,,,,
grid_159,111.0,112.0,-7.0,-6.0,13,,,,0.6704053093871043,0.6387856854462822,,0.4216351133879498,,,,,,,,,,,,,,,,,,,,,,,
grid_160,111.0,112.0,-6.0,-5.0,9,,,,,0.7344361774425683,0.6672616167691146,0.524508031532229,,,,,,,,,,,,,,,,,,,,,,,
grid_161,111.0,112.0,-1.0,0.0,1,,,,,,,,,,,,,,,,,,,,,,,,,,,,,,
grid_162,112.0,113.0,-11.0,-10.0,115,,,,,0.6422316237095345,0.657564818202934,0.5422026451544958,,,,,,,,,,,,,,,,,,,,,,,
grid_163,112.0,113.0,-10.0,-9.0,219,,,,,0.7031094521551787,0.6098701443056468,0.48525549458761125,,,,,,,,,,,,,,,,,,,,,,,
grid_164,112.0,113.0,-9.0,-8.0,137,,,,,0.6701364766935669,0.5898927022846,0.4170379296597498,,,,,,,,,,,,,,,,,,,,,,,
grid_165,112.0,113.0,-8.0,-7.0,28,,,,,0.5190750056121837,0.5558919534768222,0.5953199948549164,,,,,,,,,,,,,,,,,,,,,,,
grid_166,112.0,113.0,-7.0,-6.0,37,,,,0.6793904416262695,0.6384121131212218,0.5681700587043654,,,,,,,,,,,,,,,,,,,,,,,,
grid_167,112.0,113.0,-6.0,-5.0,6,,,,0.6331461409090712,0.6248261085334739,,,0.6178577779482818,,,,,,,,,,,,,,,,,,,,,,
grid_168,112.0,113.0,-3.0,-2.0,1,,,,,,,,,,,,,,,,,,,,,,,,,,,,,,
grid_169,112.0,113.0,2.0,3.0,2,,,,,,,,,,,,,,,,,,,,,,,,,,,,,,
grid_170,113.0,114.0,-11.0,-10.0,278,,,,,0.6827001249172173,0.6590245521248942,0.44743527280347495,,,,,,,,,,,,,,,,,,,,,,,
grid_171,113.0,114.0,-10.0,-9.0,166,,,,,0.5785770067528526,0.5433426781224234,0.4161802386027907,,,,,,,,,,,,,,,,,,,,,,,
grid_172,113.0,114.0,-9.0,-8.0,55,,,,,0.5795646294744319,0.5693154410688319,0.549317109752253,,,,,,,,,,,,,,,,,,,,,,,
grid_173,113.0,114.0,-8.0,-7.0,11,,,,,0.5775405367130916,0.49819882139088995,0.3299999657193555,,,,,,,,,,,,,,,,,,,,,,,
grid_174,113.0,114.0,-7.0,-6.0,43,,,,,0.8122548275011412,0.7413984223330942,0.5914016188299006,,,,,,,,,,,,,,,,,,,,,,,
grid_175,113.0,114.0,-6.0,-5.0,6,,,,,0.6460641029436767,0.574095974069514,0.4343237707019704,,,,,,,,,,,,,,,,,,,,,,,
grid_176,113.0,114.0,3.0,4.0,2,,,,,,,,,,,,,,,,,,,,,,,,,,,,,,
grid_177,114.0,115.0,-11.0,-10.0,44,,,,0.596543809231257,0.5846336789107025,0.5380292606180684,,,,,,,,,,,,,,,,,,,,,,,,
grid_178,114.0,115.0,-10.0,-9.0,116,,,,,0.6412506485154715,0.5736704628958631,0.45637901979816947,,,,,,,,,,,,,,,,,,,,,,,
grid_179,114.0,115.0,-9.0,-8.0,67,,,,,0.6283813246765463,0.5984833600896936,0.4555443947665215,,,,,,,,,,,,,,,,,,,,,,,
grid_180,114.0,115.0,-8.0,-7.0,14,,,,0.6175059661024385,0.6128899460542525,0.584960494636104,,,,,,,,,,,,,,,,,,,,,,,,
grid_181,114.0,115.0,-7.0,-6.0,13,,,,,0.7208250914028244,0.6623299815090876,0.49737567364795066,,,,,,,,,,,,,,,,,,,,,,,
grid_182,114.0,115.0,-6.0,-5.0,1,,,,,,,,,,,,,,,,,,,,,,,,,,,,,,
grid_183,114.0,115.0,-2.0,-1.0,1,,,,,,,,,,,,,,,,,,,,,,,,,,,,,,
grid_184,114.0,115.0,5.0,6.0,1,,,,,,,,,,,,,,,,,,,,,,,,,,,,,,
grid_185,115.0,116.0,-11.0,-10.0,39,,,,,0.6984616645653866,0.7107157707639055,0.488367200952505,,,,,,,,,,,,,,,,,,,,,,,
grid_186,115.0,116.0,-10.0,-9.0,63,,,,,0.6155171398623253,0.6251016177259215,0.49576547657469633,,,,,,,,,,,,,,,,,,,,,,,
grid_187,115.0,116.0,-9.0,-8.0,108,,,,,0.5655153312063188,0.5145928821973934,0.479122263106402,,,,,,,,,,,,,,,,,,,,,,,
grid_188,115.0,116.0,-8.0,-7.0,40,,,,,0.5757969774420878,0.5359233008114556,0.4524303467269693,,,,,,,,,,,,,,,,,,,,,,,
grid_189,115.0,116.0,-7.0,-6.0,6,,,,,,,0.5215666978932976,,,,,,,,,0.6304903147005522,0.6299921480513695,,,,,,,,,,,,,
grid_190,115.0,116.0,-6.0,-5.0,2,,,,,,,,,,,,,,,,,,,,,,,,,,,,,,
grid_191,115.0,116.0,-3.0,-2.0,4,,,,0.5253877699218311,0.5182037153544733,0.5044534715704798,,,,,,,,,,,,,,,,,,,,,,,,
grid_192,115.0,116.0,-2.0,-1.0,4,,,,,0.6235062372636339,0.54275677708718,0.5000471410888417,,,,,,,,,,,,,,,,,,,,,,,
grid_193,115.0,116.0,4.0,5.0,1,,,,,,,,,,,,,,,,,,,,,,,,,,,,,,
grid_194,116.0,117.0,-11.0,-10.0,59,,,,,0.6377506703181154,0.596552224753593,0.5017821299153543,,,,,,,,,,,,,,,,,,,,,,,
grid_195,116.0,117.0,-10.0,-9.0,62,,,,,0.5940262063579239,0.5890068172772261,0.4459861206752663,,,,,,,,,,,,,,,,,,,,,,,
grid_196,116.0,117.0,-9.0,-8.0,288,,,,,0.7130055412742324,0.6896289632780863,0.6355184555983792,,,,,,,,,,,,,,,,,,,,,,,
grid_197,116.0,117.0,-8.0,-7.0,45,,,,0.7287606796163026,0.67093760334968,0.5783599659275923,,,,,,,,,,,,,,,,,,,,,,,,
grid_198,116.0,117.0,-7.0,-6.0,20,,,,,0.5933632287527448,0.5927678401772488,0.5118238213445838,,,,,,,,,,,,,,,,,,,,,,,
grid_199,116.0,117.0,-2.0,-1.0,6,,,,,,0.6782779430902631,0.6710930472130406,,,,,,,,,,,0.6607067577241679,,,,,,,,,,,,
grid_200,116.0,117.0,1.0,2.0,3,,,,,,,,,0.638464873138065,,,,,,,,,,0.6336140685548305,0.6355838726891981,,,,,,,,,,
grid_201,116.0,117.0,2.0,3.0,5,,,,0.7123421715441214,,,0.7392536709027335,,,,,,,,0.7105215638340834,,,,,,,,,,,,,,,
grid_202,116.0,117.0,3.0,4.0,1,,,,,,,,,,,,,,,,,,,,,,,,,,,,,,
grid_203,116.0,117.0,4.0,5.0,1,,,,,,,,,,,,,,,,,,,,,,,,,,,,,,
grid_204,116.0,117.0,5.0,6.0,4,,,,,,0.5964673788030367,0.5887130414428996,,,,,,,,,,,,,,0.5833086438843519,,,,,,,,,
grid_205,117.0,118.0,-11.0,-10.0,93,,,,,0.6698683251145272,0.6223384689684647,0.47474324231066,,,,,,,,,,,,,,,,,,,,,,,
grid_206,117.0,118.0,-10.0,-9.0,159,,,,,0.5946108152453927,0.601430864685307,0.4986873912790972,,,,,,,,,,,,,,,,,,,,,,,
grid_207,117.0,118.0,-9.0,-8.0,229,,,,,0.6452439364987141,0.5783917342616751,0.42261554079977076,,,,,,,,,,,,,,,,,,,,,,,
grid_208,117.0,118.0,-8.0,-7.0,160,,,,,0.6809931719261336,0.6042600071294613,0.5290682349022298,,,,,,,,,,,,,,,,,,,,,,,
grid_209,117.0,118.0,-7.0,-6.0,9,,,,0.775142176128989,,0.6738765247700805,0.5233888878455413,,,,,,,,,,,,,,,,,,,,,,,
grid_210,117.0,118.0,-6.0,-5.0,4,,,,0.5781191145359512,0.5310229323733319,0.50147801046934,,,,,,,,,,,,,,,,,,,,,,,,
grid_211,117.0,118.0,-4.0,-3.0,1,,,,,,,,,,,,,,,,,,,,,,,,,,,,,,
grid_212,117.0,118.0,-2.0,-1.0,1,,,,,,,,,,,,,,,,,,,,,,,,,,,,,,
grid_213,117.0,118.0,1.0,2.0,7,,,,,,0.7268059621188024,0.5700834875395585,,0.8044732156409271,,,,,,,,,,,,,,,,,,,,,
grid_214,117.0,118.0,2.0,3.0,2,,,,,,,,,,,,,,,,,,,,,,,,,,,,,,
grid_215,117.0,118.0,3.0,4.0,16,,,,,0.7841958185463122,0.7354961684299772,0.5831719486635687,,,,,,,,,,,,,,,,,,,,,,,
grid_216,117.0,118.0,4.0,5.0,1,,,,,,,,,,,,,,,,,,,,,,,,,,,,,,
grid_217,117.0,118.0,5.0,6.0,2,,,,,,,,,,,,,,,,,,,,,,,,,,,,,,
grid_218,118.0,119.0,-11.0,-10.0,108,,,,,0.6556020273888179,0.5771934905704779,0.45257164638400493,,,,,,,,,,,,,,,,,,,,,,,
grid_219,118.0,119.0,-10.0,-9.0,222,,,,,0.6052688244646526,0.542416433845732,0.4169675789536243,,,,,,,,,,,,,,,,,,,,,,,
grid_220,118.0,119.0,-9.0,-8.0,393,,,,,0.6217510761017067,0.5754944639882131,0.40713056093020045,,,,,,,,,,,,,,,,,,,,,,,
grid_221,118.0,119.0,-8.0,-7.0,82,,,,,0.7487347316246302,0.6675293164213683,0.6004123788360768,,,,,,,,,,,,,,,,,,,,,,,
grid_222,118.0,119.0,-7.0,-6.0,1,,,,,,,,,,,,,,,,,,,,,,,,,,,,,,
grid_223,118.0,119.0,-6.0,-5.0,4,,,,,0.5761245180331345,0.5100456602108652,0.5000000804752771,,,,,,,,,,,,,,,,,,,,,,,
grid_224,118.0,119.0,-5.0,-4.0,2,,,,,,,,,,,,,,,,,,,,,,,,,,,,,,
grid_225,118.0,119.0,-4.0,-3.0,14,,,,0.6990711610702872,0.6579623774882293,,,0.7197374196453052,,,,,,,,,,,,,,,,,,,,,,
grid_226,118.0,119.0,-3.0,-2.0,16,,,,,,0.711240370745432,0.6134044808577395,0.7815150339047601,,,,,,,,,,,,,,,,,,,,,,
grid_227,118.0,119.0,-2.0,-1.0,4,,,,,0.4924086313987611,0.49684036142590804,0.4999971619760277,,,,,,,,,,,,,,,,,,,,,,,
grid_228,118.0,119.0,0.0,1.0,9,,,,,0.7136768417731052,0.647663543111192,0.5601007320112147,,,,,,,,,,,,,,,,,,,,,,,
grid_229,118.0,119.0,1.0,2.0,20,,,,,0.6108160407278994,0.5705018477505871,0.41455546012261574,,,,,,,,,,,,,,,,,,,,,,,
grid_230,118.0,119.0,2.0,3.0,4,,,,0.6963278013254658,0.6476619147611048,,0.500512576403076,,,,,,,,,,,,,,,,,,,,,,,
grid_231,118.0,119.0,3.0,4.0,2,,,,,,,,,,,,,,,,,,,,,,,,,,,,,,
grid_232,118.0,119.0,4.0,5.0,23,,,,,0.764230269581821,0.735005777693489,0.641475037339116,,,,,,,,,,,,,,,,,,,,,,,
grid_233,118.0,119.0,5.0,6.0,6,,,,,0.6099737216242397,0.5778578866917682,0.5344137893971365,,,,,,,,,,,,,,,,,,,,,,,
grid_234,119.0,120.0,-11.0,-10.0,137,,,,,0.6636892481365411,0.6718744501438665,0.5487199583147192,,,,,,,,,,,,,,,,,,,,,,,
grid_235,119.0,120.0,-10.0,-9.0,210,,,,,0.644804137746492,0.6260598851275387,0.462700338378561,,,,,,,,,,,,,,,,,,,,,,,
grid_236,119.0,120.0,-9.0,-8.0,346,,,,,0.6647297465701172,0.587489675047408,0.47097315328922995,,,,,,,,,,,,,,,,,,,,,,,
grid_237,119.0,120.0,-8.0,-7.0,148,,,,,0.6300284626805324,0.5848807531566802,0.4265479867530082,,,,,,,,,,,,,,,,,,,,,,,
grid_238,119.0,120.0,-7.0,-6.0,1,,,,,,,,,,,,,,,,,,,,,,,,,,,,,,
grid_239,119.0,120.0,-6.0,-5.0,3,,,,,0.46475065207714633,0.5444193565522338,0.6604305902651922,,,,,,,,,,,,,,,,,,,,,,,
grid_240,119.0,120.0,-5.0,-4.0,6,,,,,,,,0.6501813814355282,0.6537679849805567,,,,,,,,,,,0.6558569846243292,,,,,,,,,,
grid_241,119.0,120.0,-4.0,-3.0,19,,,,,0.5343552127056066,0.5469422135466471,0.5582105908545669,,,,,,,,,,,,,,,,,,,,,,,
grid_242,119.0,120.0,-3.0,-2.0,115,,,,,0.6285564754530749,0.5950171234571485,0.4712293797698654,,,,,,,,,,,,,,,,,,,,,,,
grid_243,119.0,120.0,-2.0,-1.0,66,,,,,0.7009494651148029,0.6503993054491541,0.5442111617111525,,,,,,,,,,,,,,,,,,,,,,,
grid_244,119.0,120.0,-1.0,0.0,99,,,,,0.773862176485541,0.7261819816001627,0.6530546827544869,,,,,,,,,,,,,,,,,,,,,,,
grid_245,119.0,120.0,0.0,1.0,80,,,,,0.7105960790845067,0.7082746709271367,0.6197317894752354,,,,,,,,,,,,,,,,,,,,,,,
grid_246,119.0,120.0,1.0,2.0,7,,,,0.7716671836008777,,0.6192652901205745,0.47092003003861616,,,,,,,,,,,,,,,,,,,,,,,
grid_247,119.0,120.0,5.0,6.0,3,,,,,0.6507492480423509,0.6640501001771247,0.6666666494868921,,,,,,,,,,,,,,,,,,,,,,,
grid_248,120.0,121.0,-11.0,-10.0,158,,,,,0.7792416670656841,0.6955705246338721,0.5518180967400522,,,,,,,,,,,,,,,,,,,,,,,
grid_249,120.0,121.0,-10.0,-9.0,99,,,,,0.618756448821019,0.6086825782599943,0.5298413475167225,,,,,,,,,,,,,,,,,,,,,,,
grid_250,120.0,121.0,-9.0,-8.0,252,,,,,0.6835665872509881,0.6303367360171953,0.49485153278600125,,,,,,,,,,,,,,,,,,,,,,,
grid_251,120.0,121.0,-8.0,-7.0,256,,,,,0.6780136268619273,0.5882780146952189,0.4578237208883406,,,,,,,,,,,,,,,,,,,,,,,
grid_252,120.0,121.0,-7.0,-6.0,8,,,,,0.644780539763546,0.6352562992174671,0.5458698977669212,,,,,,,,,,,,,,,,,,,,,,,
grid_253,120.0,121.0,-6.0,-5.0,4,,,,,,0.6215261830468701,0.5077216284887291,0.6761791959719494,,,,,,,,,,,,,,,,,,,,,,
grid_254,120.0,121.0,-5.0,-4.0,5,,,,,0.7689989477887853,0.779607079597872,0.757918527945739,,,,,,,,,,,,,,,,,,,,,,,
grid_255,120.0,121.0,-4.0,-3.0,3,,,,0.6280649960934531,,,,0.6095856018547194,0.5973637070278365,,,,,,,,,,,,,,,,,,,,,
grid_256,120.0,121.0,-3.0,-2.0,46,,,,,0.7180618051084676,0.6269953097975504,0.5038107450511518,,,,,,,,,,,,,,,,,,,,,,,
grid_257,120.0,121.0,-2.0,-1.0,256,,,,,0.6761637366896036,0.6145869792644791,0.5024869004488932,,,,,,,,,,,,,,,,,,,,,,,
grid_258,120.0,121.0,-1.0,0.0,73,,,,,0.6920151549124105,0.6482177570334418,0.4830405539937358,,,,,,,,,,,,,,,,,,,,,,,
grid_259,120.0,121.0,0.0,1.0,174,,,,,0.6361372662706621,0.6442669532884475,0.44258782670188485,,,,,,,,,,,,,,,,,,,,,,,
grid_260,120.0,121.0,1.0,2.0,122,,,,,0.7142514362145602,0.6371618042638171,0.5223800402174242,,,,,,,,,,,,,,,,,,,,,,,
grid_261,120.0,121.0,2.0,3.0,4,,,,,,,0.5020732120677023,,,,,,,,,,,,,,,0.5033584780054818,0.5032801988070931,,,,,,,
grid_262,120.0,121.0,4.0,5.0,1,,,,,,,,,,,,,,,,,,,,,,,,,,,,,,
grid_263,120.0,121.0,5.0,6.0,3,,,,0.623188184860379,0.6428939472284547,0.6636634566641174,,,,,,,,,,,,,,,,,,,,,,,,
grid_264,121.0,122.0,-11.0,-10.0,39,,,,,0.5118074286291667,0.5056255721303625,0.46705960296265314,,,,,,,,,,,,,,,,,,,,,,,
grid_265,121.0,122.0,-10.0,-9.0,65,,,,,0.6390355134462575,0.6751613477861451,0.5333070960416955,,,,,,,,,,,,,,,,,,,,,,,
grid_266,121.0,122.0,-9.0,-8.0,191,,,,,0.6742039778747322,0.6124161591427546,0.4622817448436253,,,,,,,,,,,,,,,,,,,,,,,
grid_267,121.0,122.0,-8.0,-7.0,89,,,,,0.657170820278213,0.6805865770170662,0.4855578175132986,,,,,,,,,,,,,,,,,,,,,,,
grid_268,121.0,122.0,-7.0,-6.0,4,,,,,0.6505386822650614,0.6723697195460767,0.6302783676824046,,,,,,,,,,,,,,,,,,,,,,,
grid_269,121.0,122.0,-6.0,-5.0,2,,,,,,,,,,,,,,,,,,,,,,,,,,,,,,
grid_270,121.0,122.0,-5.0,-4.0,11,,,,0.6869301607946303,0.6357155604669195,0.5267137185873767,,,,,,,,,,,,,,,,,,,,,,,,
grid_271,121.0,122.0,-4.0,-3.0,6,,,,0.4888867139240003,,0.34670079123596026,0.27604262373482563,,,,,,,,,,,,,,,,,,,,,,,
grid_272,121.0,122.0,-3.0,-2.0,80,,,,,0.6398422495944074,0.6305808625925097,0.5594133883134923,,,,,,,,,,,,,,,,,,,,,,,
grid_273,121.0,122.0,-2.0,-1.0,32,,,,0.6904508960876002,0.6587360193425291,,0.4199867637630749,,,,,,,,,,,,,,,,,,,,,,,
grid_274,121.0,122.0,-1.0,0.0,206,,,,,0.7464677656672789,0.6762106746722452,0.5272160108969332,,,,,,,,,,,,,,,,,,,,,,,
grid_275,121.0,122.0,0.0,1.0,184,,,,,0.6674635165687388,0.6067144646724174,0.43742691933761163,,,,,,,,,,,,,,,,,,,,,,,
grid_276,121.0,122.0,1.0,2.0,118,,,,,0.676073951647942,0.6062442793730296,0.5517370944369132,,,,,,,,,,,,,,,,,,,,,,,
grid_277,121.0,122.0,2.0,3.0,28,,,,,0.5665222962457882,0.5291238117836671,0.42936758136061665,,,,,,,,,,,,,,,,,,,,,,,
grid_278,121.0,122.0,3.0,4.0,6,,,,,,0.7150295598357959,0.7504976836889984,,,,,,,,,,,,,,,,,0.7162199949809144,,,,,,
grid_279,121.0,122.0,5.0,6.0,24,,,,,,0.7433744833053719,0.6410984526520119,,0.8904525859923336,,,,,,,,,,,,,,,,,,,,,
grid_280,122.0,123.0,-11.0,-10.0,26,,,,,0.6152876001406892,0.5353364823644938,0.4625800422598315,,,,,,,,,,,,,,,,,,,,,,,
grid_281,122.0,123.0,-10.0,-9.0,82,,,,,0.5432785694549869,0.5923351836635713,0.5569911128029664,,,,,,,,,,,,,,,,,,,,,,,
grid_282,122.0,123.0,-9.0,-8.0,193,,,,,0.630063678166955,0.6295225949100053,0.5086275424435344,,,,,,,,,,,,,,,,,,,,,,,
grid_283,122.0,123.0,-8.0,-7.0,179,,,,,0.6041930187512276,0.6488466885709604,0.5161369580581158,,,,,,,,,,,,,,,,,,,,,,,
grid_284,122.0,123.0,-7.0,-6.0,33,,,,0.6707485394710045,0.6198593892037731,0.5545807419694253,,,,,,,,,,,,,,,,,,,,,,,,
grid_285,122.0,123.0,-6.0,-5.0,33,,,,,0.7207055029089147,0.7098899085046151,0.5574291134288024,,,,,,,,,,,,,,,,,,,,,,,
grid_286,122.0,123.0,-5.0,-4.0,28,,,,,0.7562217698547963,0.6982351586823642,0.5263366865936192,,,,,,,,,,,,,,,,,,,,,,,
grid_287,122.0,123.0,-4.0,-3.0,19,,,,,0.6149620101722191,0.52823143306502,0.43995305580564864,,,,,,,,,,,,,,,,,,,,,,,
grid_288,122.0,123.0,-3.0,-2.0,52,,,,0.7132350157838895,0.6655185362982514,0.5942920521785198,,,,,,,,,,,,,,,,,,,,,,,,
grid_289,122.0,123.0,-2.0,-1.0,52,,,,0.8583245984995516,0.8213513560292859,,0.6055283211423061,,,,,,,,,,,,,,,,,,,,,,,
grid_290,122.0,123.0,-1.0,0.0,235,,,,,0.6387003089088326,0.5509393492267386,0.41063692322002626,,,,,,,,,,,,,,,,,,,,,,,
grid_291,122.0,123.0,0.0,1.0,329,,,,,0.6608225497585297,0.5738704814542754,0.44175748023918215,,,,,,,,,,,,,,,,,,,,,,,
grid_292,122.0,123.0,1.0,2.0,235,,,,,0.670553016443337,0.6175848306277905,0.5271757968109991,,,,,,,,,,,,,,,,,,,,,,,
grid_293,122.0,123.0,2.0,3.0,67,,,,,0.5932389128296407,0.5738409315867388,0.5229329846737861,,,,,,,,,,,,,,,,,,,,,,,
grid_294,122.0,123.0,3.0,4.0,176,,,,,0.6478812635450937,0.6318647309815937,0.5468728143254485,,,,,,,,,,,,,,,,,,,,,,,
grid_295,122.0,123.0,4.0,5.0,68,,,,,0.715874249668761,0.665393119121998,0.6005932829306712,,,,,,,,,,,,,,,,,,,,,,,
grid_296,122.0,123.0,5.0,6.0,33,,,,0.7918939168185662,0.7597362438467226,,,0.8072546083390834,,,,,,,,,,,,,,,,,,,,,,
grid_297,123.0,124.0,-11.0,-10.0,132,,,,,0.6580603446668283,0.5864947698488492,0.444107722759737,,,,,,,,,,,,,,,,,,,,,,,
grid_298,123.0,124.0,-10.0,-9.0,225,,,,,0.6112701282607015,0.5370588402198285,0.42892851586192615,,,,,,,,,,,,,,,,,,,,,,,
grid_299,123.0,124.0,-9.0,-8.0,271,,,,,0.6163854070477607,0.5776634221234511,0.3916526353415584,,,,,,,,,,,,,,,,,,,,,,,
grid_300,123.0,124.0,-8.0,-7.0,184,,,,,0.5816324699151683,0.5407085371868214,0.4022283615832772,,,,,,,,,,,,,,,,,,,,,,,
grid_301,123.0,124.0,-7.0,-6.0,43,,,,,0.6211323269203087,0.5427005179562402,0.40299135592807944,,,,,,,,,,,,,,,,,,,,,,,
grid_302,123.0,124.0,-6.0,-5.0,23,,,,,0.6240470521885632,0.5854603581455492,,0.65258435463016,,,,,,,,,,,,,,,,,,,,,,
grid_303,123.0,124.0,-5.0,-4.0,51,,,,,0.6104877128000217,0.5443001619157889,0.4280305213591614,,,,,,,,,,,,,,,,,,,,,,,
grid_304,123.0,124.0,-4.0,-3.0,30,,,,,0.7045813315368322,0.6466175535798165,0.48325478744299183,,,,,,,,,,,,,,,,,,,,,,,
grid_305,123.0,124.0,-3.0,-2.0,5,,,,0.6093730213347379,0.6437101301242972,0.7134772702811916,,,,,,,,,,,,,,,,,,,,,,,,
grid_306,123.0,124.0,-2.0,-1.0,124,,,,,0.7444283252268429,0.6701019731038336,0.6011667399156175,,,,,,,,,,,,,,,,,,,,,,,
grid_307,123.0,124.0,-1.0,0.0,425,,,,,0.6740538017056765,0.5985006478096624,0.4782921382824606,,,,,,,,,,,,,,,,,,,,,,,
grid_308,123.0,124.0,0.0,1.0,534,,,,,0.6655416435629847,0.5954170044612691,0.4885664536488759,,,,,,,,,,,,,,,,,,,,,,,
grid_309,123.0,124.0,1.0,2.0,209,,,,,0.6963950087612872,0.6342222522736274,0.5375229711239319,,,,,,,,,,,,,,,,,,,,,,,
grid_310,123.0,124.0,2.0,3.0,32,,,,,0.6105083527803584,0.5897716900857746,0.5423545855689453,,,,,,,,,,,,,,,,,,,,,,,
grid_311,123.0,124.0,3.0,4.0,72,,,,,0.5594297200208338,0.5097631989394873,0.4277359172053219,,,,,,,,,,,,,,,,,,,,,,,
grid_312,123.0,124.0,4.0,5.0,92,,,,,0.6666661822248282,0.636194043429479,0.6114127140820292,,,,,,,,,,,,,,,,,,,,,,,
grid_313,123.0,124.0,5.0,6.0,105,,,,,0.640565221793826,0.6629240016219569,0.6293165568371214,,,,,,,,,,,,,,,,,,,,,,,
grid_314,124.0,125.0,-11.0,-10.0,132,,,,,0.6064419404161163,0.5825744918421397,0.42353627272196565,,,,,,,,,,,,,,,,,,,,,,,
grid_315,124.0,125.0,-10.0,-9.0,233,,,,,0.6380840101692367,0.5556146181095674,0.3946434967444412,,,,,,,,,,,,,,,,,,,,,,,
grid_316,124.0,125.0,-9.0,-8.0,316,,,,,0.6659307283709398,0.6002807580102633,0.45399230389555517,,,,,,,,,,,,,,,,,,,,,,,
grid_317,124.0,125.0,-8.0,-7.0,142,,,,,0.6005435053293883,0.5187954840433958,0.38077501756427423,,,,,,,,,,,,,,,,,,,,,,,
grid_318,124.0,125.0,-7.0,-6.0,49,,,,,0.5670236390789968,0.5076392032798013,0.3940809723500465,,,,,,,,,,,,,,,,,,,,,,,
grid_319,124.0,125.0,-6.0,-5.0,9,,,,,0.5467371588479928,0.49567481058800833,0.34139675808707554,,,,,,,,,,,,,,,,,,,,,,,
grid_320,124.0,125.0,-5.0,-4.0,16,,,,,,0.7015167834583425,0.5593411540786467,0.7812857933003099,,,,,,,,,,,,,,,,,,,,,,
grid_321,124.0,125.0,-4.0,-3.0,2,,,,,,,,,,,,,,,,,,,,,,,,,,,,,,
grid_322,124.0,125.0,-3.0,-2.0,28,,,,,0.7319931032380866,0.643325917712586,0.5202091806080763,,,,,,,,,,,,,,,,,,,,,,,
grid_323,124.0,125.0,-2.0,-1.0,47,,,,0.6573131680035903,0.6115382362250557,0.5377005729968928,,,,,,,,,,,,,,,,,,,,,,,,
grid_324,124.0,125.0,-1.0,0.0,391,,,,,0.6971030631250862,0.6404297856522365,0.495411182397428,,,,,,,,,,,,,,,,,,,,,,,
grid_325,124.0,125.0,0.0,1.0,177,,,,,0.5601998342848874,0.49488219639107817,0.3664406681384732,,,,,,,,,,,,,,,,,,,,,,,
grid_326,124.0,125.0,1.0,2.0,190,,,,,0.609705257069042,0.6130458215977099,0.4501348276335178,,,,,,,,,,,,,,,,,,,,,,,
grid_327,124.0,125.0,2.0,3.0,87,,,,,0.5198507659670231,0.5882644069353747,0.5970953906488496,,,,,,,,,,,,,,,,,,,,,,,
grid_328,124.0,125.0,3.0,4.0,107,,,,,0.6147608009339512,0.5590863948818082,0.4500045240111514,,,,,,,,,,,,,,,,,,,,,,,
grid_329,124.0,125.0,4.0,5.0,115,,,,,0.6973486526652035,0.6089336575711686,0.4680743243086192,,,,,,,,,,,,,,,,,,,,,,,
grid_330,124.0,125.0,5.0,6.0,262,,,,,0.6382332637411909,0.571800890397698,0.45250909326999533,,,,,,,,,,,,,,,,,,,,,,,
grid_331,125.0,126.0,-11.0,-10.0,14,,,,0.58658049932519,0.5801121086842441,,0.44064172901799,,,,,,,,,,,,,,,,,,,,,,,
grid_332,125.0,126.0,-10.0,-9.0,132,,,,,0.6168508581819728,0.5880758232755507,0.5018728081696097,,,,,,,,,,,,,,,,,,,,,,,
grid_333,125.0,126.0,-9.0,-8.0,193,,,,,0.6855373483619017,0.6065281565526417,0.50171541692776,,,,,,,,,,,,,,,,,,,,,,,
grid_334,125.0,126.0,-8.0,-7.0,270,,,,,0.643267128925749,0.6284158181667856,0.5436327000661322,,,,,,,,,,,,,,,,,,,,,,,
grid_335,125.0,126.0,-7.0,-6.0,184,,,,,0.692277184189813,0.6158043983657886,0.5240781427402963,,,,,,,,,,,,,,,,,,,,,,,
grid_336,125.0,126.0,-6.0,-5.0,68,,,,,0.6214502565543895,0.5572995152284776,0.44073274783148597,,,,,,,,,,,,,,,,,,,,,,,
grid_337,125.0,126.0,-5.0,-4.0,94,,,,,0.7075818660126351,0.6624766715827897,0.5980595626967268,,,,,,,,,,,,,,,,,,,,,,,
grid_338,125.0,126.0,-4.0,-3.0,8,,,,0.6914095287980626,0.7026911239185945,,,,0.7098954399721797,,,,,,,,,,,,,,,,,,,,,
grid_339,125.0,126.0,-3.0,-2.0,49,,,,,0.7295190773106797,0.686468872256417,0.49546995010292577,,,,,,,,,,,,,,,,,,,,,,,
grid_340,125.0,126.0,-2.0,-1.0,12,,,,,0.6971256589214931,0.6483167920529697,0.42293624322993356,,,,,,,,,,,,,,,,,,,,,,,
grid_341,125.0,126.0,-1.0,0.0,348,,,,,0.7609216820860665,0.6770344398795037,0.5227096009402715,,,,,,,,,,,,,,,,,,,,,,,
grid_342,125.0,126.0,0.0,1.0,413,,,,,0.6330968673064272,0.6641172751484752,0.5015570637385782,,,,,,,,,,,,,,,,,,,,,,,
grid_343,125.0,126.0,1.0,2.0,223,,,,,0.6372052311846772,0.572387682902351,0.5199948914191445,,,,,,,,,,,,,,,,,,,,,,,
grid_344,125.0,126.0,2.0,3.0,191,,,,,0.6556161744542162,0.5860731527270974,0.48571879812955676,,,,,,,,,,,,,,,,,,,,,,,
grid_345,125.0,126.0,3.0,4.0,188,,,,,0.6524300451042124,0.6363379820190451,0.5508538480185787,,,,,,,,,,,,,,,,,,,,,,,
grid_346,125.0,126.0,4.0,5.0,386,,,,,0.639614597927476,0.6379547939138126,0.6057772164424995,,,,,,,,,,,,,,,,,,,,,,,
grid_347,125.0,126.0,5.0,6.0,564,,,,,0.6688900799272455,0.6967925434477847,0.564635864836977,,,,,,,,,,,,,,,,,,,,,,,
grid_348,126.0,127.0,-11.0,-10.0,6,,,,0.5729100101307779,0.5433003726455233,0.3989513886614844,,,,,,,,,,,,,,,,,,,,,,,,
grid_349,126.0,127.0,-10.0,-9.0,36,,,,,0.6245924282047306,0.6203850571619083,0.4318283908317527,,,,,,,,,,,,,,,,,,,,,,,
grid_350,126.0,127.0,-9.0,-8.0,41,,,,0.6291256384318529,0.5931006196877655,0.512658985222907,,,,,,,,,,,,,,,,,,,,,,,,
grid_351,126.0,127.0,-8.0,-7.0,191,,,,,0.6591582480877779,0.581061824143524,0.444085138744938,,,,,,,,,,,,,,,,,,,,,,,
grid_352,126.0,127.0,-7.0,-6.0,109,,,,0.8220535694509832,0.7706089388543339,0.6875476240206836,,,,,,,,,,,,,,,,,,,,,,,,
grid_353,126.0,127.0,-6.0,-5.0,26,,,,,0.631005446345742,0.5769077106134021,0.4096696309598308,,,,,,,,,,,,,,,,,,,,,,,
grid_354,126.0,127.0,-5.0,-4.0,71,,,,,0.6454259262558523,0.6873772027152938,0.5583285560329977,,,,,,,,,,,,,,,,,,,,,,,
grid_355,126.0,127.0,-4.0,-3.0,68,,,,,0.6364566868277413,0.6293286614773466,0.44624075797011326,,,,,,,,,,,,,,,,,,,,,,,
grid_356,126.0,127.0,-3.0,-2.0,85,,,,,0.6525790362963174,0.6126591383192996,0.5398019049569004,,,,,,,,,,,,,,,,,,,,,,,
grid_357,126.0,127.0,-2.0,-1.0,164,,,,,0.7269336611248312,0.6817531324021339,0.48003845234136366,,,,,,,,,,,,,,,,,,,,,,,
grid_358,126.0,127.0,-1.0,0.0,124,,,,,0.6466886952279888,0.5675789361932136,0.42688709018065885,,,,,,,,,,,,,,,,,,,,,,,
grid_359,126.0,127.0,0.0,1.0,1013,,,,,0.6792584852961489,0.6341894618045719,0.565659164449019,,,,,,,,,,,,,,,,,,,,,,,
grid_360,126.0,127.0,1.0,2.0,1911,,,,,0.6595953026454098,0.6092815958025594,0.5333270841854288,,,,,,,,,,,,,,,,,,,,,,,
grid_361,126.0,127.0,2.0,3.0,1285,,,,,0.6809235102125354,0.6069824091122835,0.4982168087229519,,,,,,,,,,,,,,,,,,,,,,,
grid_362,126.0,127.0,3.0,4.0,1461,,,,,0.693871770034448,0.6090682810571808,0.49178642597091193,,,,,,,,,,,,,,,,,,,,,,,
grid_363,126.0,127.0,4.0,5.0,775,,,,,0.6271631233123472,0.5352660549193757,0.40564301676571973,,,,,,,,,,,,,,,,,,,,,,,
grid_364,126.0,127.0,5.0,6.0,1117,,,,,0.6416625280862814,0.604969023316775,0.5231039810230314,,,,,,,,,,,,,,,,,,,,,,,
grid_365,126.0,127.0,6.0,7.0,1,,,,,,,,,,,,,,,,,,,,,,,,,,,,,,
grid_366,127.0,128.0,-11.0,-10.0,4,,,,0.49541289238426023,0.49716612149741213,,0.4999999995457377,,,,,,,,,,,,,,,,,,,,,,,
grid_367,127.0,128.0,-10.0,-9.0,34,,,,,0.6321652475731607,0.5413148832980385,0.3767323187699114,,,,,,,,,,,,,,,,,,,,,,,
grid_368,127.0,128.0,-9.0,-8.0,123,,,,,0.5642358972455039,0.6210004284416307,0.5442713832305145,,,,,,,,,,,,,,,,,,,,,,,
grid_369,127.0,128.0,-8.0,-7.0,638,,,,,0.7171632589604168,0.6312779681891422,0.533090768784653,,,,,,,,,,,,,,,,,,,,,,,
grid_370,127.0,128.0,-7.0,-6.0,279,,,,,0.654541930345337,0.6174947238071357,0.5064944925083863,,,,,,,,,,,,,,,,,,,,,,,
grid_371,127.0,128.0,-6.0,-5.0,78,,,,,0.675463125040574,0.5926372531413144,0.4457264058502965,,,,,,,,,,,,,,,,,,,,,,,
grid_372,127.0,128.0,-5.0,-4.0,104,,,,,0.6869058521416644,0.6272009483030568,0.5136696114391663,,,,,,,,,,,,,,,,,,,,,,,
grid_373,127.0,128.0,-4.0,-3.0,220,,,,,0.6223028036963821,0.6288481841204736,0.5644699100476019,,,,,,,,,,,,,,,,,,,,,,,
grid_374,127.0,128.0,-3.0,-2.0,127,,,,,0.5881307848688774,0.542295331385647,0.5038399646729085,,,,,,,,,,,,,,,,,,,,,,,
grid_375,127.0,128.0,-2.0,-1.0,259,,,,,0.7171303084773937,0.6604340092792828,0.545139307332517,,,,,,,,,,,,,,,,,,,,,,,
grid_376,127.0,128.0,-1.0,0.0,224,,,,,0.6641840078742024,0.5922330995308955,0.5109234856467105,,,,,,,,,,,,,,,,,,,,,,,
grid_377,127.0,128.0,0.0,1.0,172,,,,,0.63785434274034,0.5596436152403107,0.4160300831436734,,,,,,,,,,,,,,,,,,,,,,,
grid_378,127.0,128.0,1.0,2.0,939,,,,,0.6851543018847727,0.6002116546784964,0.5097447929328314,,,,,,,,,,,,,,,,,,,,,,,
grid_379,127.0,128.0,2.0,3.0,713,,,,,0.6302905177364886,0.5657285947669526,0.4136481879305147,,,,,,,,,,,,,,,,,,,,,,,
grid_380,127.0,128.0,3.0,4.0,389,,,,,0.5798701283910356,0.5522959600449626,0.46551283314971237,,,,,,,,,,,,,,,,,,,,,,,
grid_381,127.0,128.0,4.0,5.0,401,,,,,0.614494003691115,0.5394373480821066,0.4502103415882612,,,,,,,,,,,,,,,,,,,,,,,
grid_382,127.0,128.0,5.0,6.0,491,,,,,0.6879738574552975,0.6560935248051188,0.5887565001172148,,,,,,,,,,,,,,,,,,,,,,,
grid_383,128.0,129.0,-11.0,-10.0,5,,,,,0.5084493817120546,0.5650080394009696,0.42669202543698503,,,,,,,,,,,,,,,,,,,,,,,
grid_384,128.0,129.0,-10.0,-9.0,16,,,,,0.5664418378669736,0.5353429169345847,0.45104878075997645,,,,,,,,,,,,,,,,,,,,,,,
grid_385,128.0,129.0,-9.0,-8.0,139,,,,,0.6540889910934712,0.643983381407178,0.6137206657358124,,,,,,,,,,,,,,,,,,,,,,,
grid_386,128.0,129.0,-8.0,-7.0,1595,,,,,0.7057728990224061,0.6472151014122679,0.5150220739016554,,,,,,,,,,,,,,,,,,,,,,,
grid_387,128.0,129.0,-7.0,-6.0,465,,,,,0.5625715819591325,0.5726256346776205,0.6087768092135337,,,,,,,,,,,,,,,,,,,,,,,
grid_388,128.0,129.0,-6.0,-5.0,188,,,,,0.6556274139946537,0.5768328157643013,0.4736515832928811,,,,,,,,,,,,,,,,,,,,,,,
grid_389,128.0,129.0,-5.0,-4.0,119,,,,,0.6355149321167136,0.6274320111645372,0.49070600144066345,,,,,,,,,,,,,,,,,,,,,,,
grid_390,128.0,129.0,-4.0,-3.0,261,,,,,0.5631500344007309,0.5269399753052404,0.5131769040726133,,,,,,,,,,,,,,,,,,,,,,,
grid_391,128.0,129.0,-3.0,-2.0,236,,,,,0.6844695015870197,0.6799869381079995,0.5197093789549364,,,,,,,,,,,,,,,,,,,,,,,
grid_392,128.0,129.0,-2.0,-1.0,80,,,,0.6139859821319537,0.6203023902258528,0.5319946503422912,,,,,,,,,,,,,,,,,,,,,,,,
grid_393,128.0,129.0,-1.0,0.0,49,,,,0.7892889386670707,0.7386863719424762,0.6614284822608824,,,,,,,,,,,,,,,,,,,,,,,,
grid_394,128.0,129.0,0.0,1.0,22,,,,,0.4850055103313626,0.5340546326491237,0.4516485452308897,,,,,,,,,,,,,,,,,,,,,,,
grid_395,128.0,129.0,1.0,2.0,324,,,,,0.6412957415710066,0.6236537713484319,0.4915062921647339,,,,,,,,,,,,,,,,,,,,,,,
grid_396,128.0,129.0,2.0,3.0,1315,,,,,0.6542182213907245,0.6066449368818454,0.5489237535406176,,,,,,,,,,,,,,,,,,,,,,,
grid_397,128.0,129.0,3.0,4.0,457,,,,,0.6425890622067002,0.6134360096884368,0.4809508276638588,,,,,,,,,,,,,,,,,,,,,,,
grid_398,128.0,129.0,4.0,5.0,125,,,,,0.7144519366145937,0.6359550969978386,0.5320658326347837,,,,,,,,,,,,,,,,,,,,,,,
grid_399,128.0,129.0,5.0,6.0,6,,,,0.6127913395760286,,0.5010177482602632,,0.5893653727487598,,,,,,,,,,,,,,,,,,,,,,
grid_400,129.0,130.0,-11.0,-10.0,2,,,,,,,,,,,,,,,,,,,,,,,,,,,,,,
grid_401,129.0,130.0,-10.0,-9.0,10,,,,0.461675007303754,,0.4417240368468568,,0.46882520088933805,,,,,,,,,,,,,,,,,,,,,,
grid_402,129.0,130.0,-9.0,-8.0,113,,,,,0.6216414744870968,0.5716942322314368,0.4018998280056631,,,,,,,,,,,,,,,,,,,,,,,
grid_403,129.0,130.0,-8.0,-7.0,1319,,,,,0.7180633975941945,0.6500186601947988,0.5827752740255524,,,,,,,,,,,,,,,,,,,,,,,
grid_404,129.0,130.0,-7.0,-6.0,1661,,,,,0.6961875443533975,0.6337191812129443,0.5772965008785624,,,,,,,,,,,,,,,,,,,,,,,
grid_405,129.0,130.0,-6.0,-5.0,296,,,,,0.612591633501362,0.5702468957558186,0.5371601391309916,,,,,,,,,,,,,,,,,,,,,,,
grid_406,129.0,130.0,-5.0,-4.0,383,,,,,0.6158817501832254,0.539846492128347,0.41171038608930177,,,,,,,,,,,,,,,,,,,,,,,
grid_407,129.0,130.0,-4.0,-3.0,345,,,,,0.6032840865354192,0.5188547158000599,0.4093308442713697,,,,,,,,,,,,,,,,,,,,,,,
grid_408,129.0,130.0,-3.0,-2.0,335,,,,,0.7928200987900619,0.7186226338321583,0.6232767856065308,,,,,,,,,,,,,,,,,,,,,,,
grid_409,129.0,130.0,-2.0,-1.0,28,,,,,0.7093993103115016,0.6332152204236638,0.4791184495571736,,,,,,,,,,,,,,,,,,,,,,,
grid_410,129.0,130.0,-1.0,0.0,46,,,,0.7081803282592473,0.6607410382590242,0.584596929630238,,,,,,,,,,,,,,,,,,,,,,,,
grid_411,129.0,130.0,0.0,1.0,30,,,,,0.6221664380558531,0.699498083623322,0.5461551878460804,,,,,,,,,,,,,,,,,,,,,,,
grid_412,129.0,130.0,1.0,2.0,49,,,,,0.6618596763360151,0.593630344373767,0.481388536778456,,,,,,,,,,,,,,,,,,,,,,,
grid_413,129.0,130.0,2.0,3.0,88,,,,,0.7430579788521876,0.6988424931719781,0.6018319963638806,,,,,,,,,,,,,,,,,,,,,,,
grid_414,129.0,130.0,3.0,4.0,17,,,,0.7422890900196382,0.6992702977280502,,,0.7626732551980053,,,,,,,,,,,,,,,,,,,,,,
grid_415,129.0,130.0,4.0,5.0,4,,,,,,,0.5006232655189615,,,,,,,,,,,,,,,,,,0.5148793311445247,0.5149366164244972,,,,
grid_416,130.0,131.0,-11.0,-10.0,1,,,,,,,,,,,,,,,,,,,,,,,,,,,,,,
grid_417,130.0,131.0,-10.0,-9.0,4,,,,0.6822997660390029,0.7073644320161968,0.6335972954508656,,,,,,,,,,,,,,,,,,,,,,,,
grid_418,130.0,131.0,-9.0,-8.0,75,,,,,0.6007690408852281,0.6439105546985312,0.5721066014501281,,,,,,,,,,,,,,,,,,,,,,,
grid_419,130.0,131.0,-8.0,-7.0,255,,,,,0.6459206957094746,0.6443338092182149,0.526258064080389,,,,,,,,,,,,,,,,,,,,,,,
grid_420,130.0,131.0,-7.0,-6.0,1619,,,,,0.6810661086191497,0.6267162977174758,0.5430870345555489,,,,,,,,,,,,,,,,,,,,,,,
grid_421,130.0,131.0,-6.0,-5.0,394,,,,,0.6522195937290669,0.5761392533406171,0.4910271324285885,,,,,,,,,,,,,,,,,,,,,,,
grid_422,130.0,131.0,-5.0,-4.0,113,,,,,0.5927732999593077,0.5316736665611892,0.4541578743392592,,,,,,,,,,,,,,,,,,,,,,,
grid_423,130.0,131.0,-4.0,-3.0,409,,,,,0.6989304815507903,0.6725213380182085,0.6270810426537797,,,,,,,,,,,,,,,,,,,,,,,
grid_424,130.0,131.0,-3.0,-2.0,66,,,,,0.8020708423165418,0.7103485148155209,0.5734761628871398,,,,,,,,,,,,,,,,,,,,,,,
grid_425,130.0,131.0,-2.0,-1.0,5,,,,,0.6043896511304426,0.5887483542831917,0.44717944178228225,,,,,,,,,,,,,,,,,,,,,,,
grid_426,130.0,131.0,-1.0,0.0,29,,,,0.6396033430449917,0.5963499616391617,0.5325550670619087,,,,,,,,,,,,,,,,,,,,,,,,
grid_427,130.0,131.0,0.0,1.0,17,,,,0.5995032904075634,0.5654892265076941,0.5409400552861902,,,,,,,,,,,,,,,,,,,,,,,,
grid_428,130.0,131.0,1.0,2.0,3,,,,,0.6464203691400714,0.6570922027996677,0.6666185568144148,,,,,,,,,,,,,,,,,,,,,,,
grid_429,130.0,131.0,2.0,3.0,1,,,,,,,,,,,,,,,,,,,,,,,,,,,,,,
grid_430,130.0,131.0,3.0,4.0,3,,,,0.6260967966147842,0.6535546763064894,,,0.6026989644008123,,,,,,,,,,,,,,,,,,,,,,
grid_431,130.0,131.0,5.0,6.0,1,,,,,,,,,,,,,,,,,,,,,,,,,,,,,,
grid_432,131.0,132.0,-9.0,-8.0,7,,,,0.5041288638110445,,0.4794143647116548,0.3348126142383067,,,,,,,,,,,,,,,,,,,,,,,
grid_433,131.0,132.0,-8.0,-7.0,57,,,,0.6551253380576734,0.635937805531636,0.5895544212086972,,,,,,,,,,,,,,,,,,,,,,,,
grid_434,131.0,132.0,-7.0,-6.0,262,,,,,0.6447043324117124,0.5918326575343865,0.5245110567246011,,,,,,,,,,,,,,,,,,,,,,,
grid_435,131.0,132.0,-6.0,-5.0,246,,,,,0.6641060375590915,0.5930705042570733,0.4622757690383109,,,,,,,,,,,,,,,,,,,,,,,
grid_436,131.0,132.0,-5.0,-4.0,83,,,,,0.6187980991777927,0.5645006618563748,0.4193276302210596,,,,,,,,,,,,,,,,,,,,,,,
grid_437,131.0,132.0,-4.0,-3.0,229,,,,,0.7654326864585002,0.7008150080798644,0.6059310861573528,,,,,,,,,,,,,,,,,,,,,,,
grid_438,131.0,132.0,-3.0,-2.0,6,,,,,0.7451212386582814,0.6794608264219902,0.46654056517178727,,,,,,,,,,,,,,,,,,,,,,,
grid_439,131.0,132.0,-2.0,-1.0,6,,,,,0.5871282374725167,0.6568027993867119,0.5811262682689892,,,,,,,,,,,,,,,,,,,,,,,
grid_440,131.0,132.0,-1.0,0.0,90,,,,,0.6883806536251154,0.7024764818317801,0.6458463152541545,,,,,,,,,,,,,,,,,,,,,,,
grid_441,131.0,132.0,0.0,1.0,2,,,,,,,,,,,,,,,,,,,,,,,,,,,,,,
grid_442,132.0,133.0,-10.0,-9.0,1,,,,,,,,,,,,,,,,,,,,,,,,,,,,,,
grid_443,132.0,133.0,-9.0,-8.0,2,,,,,,,,,,,,,,,,,,,,,,,,,,,,,,
grid_444,132.0,133.0,-8.0,-7.0,10,,,,,0.5513027354944877,0.5753240762788552,0.4570749821915422,,,,,,,,,,,,,,,,,,,,,,,
grid_445,132.0,133.0,-7.0,-6.0,69,,,,,0.5842852586622524,0.5084443578644362,0.4500825264736839,,,,,,,,,,,,,,,,,,,,,,,
grid_446,132.0,133.0,-6.0,-5.0,45,,,,,0.6050840440493742,0.5587601743184075,0.38739882799327147,,,,,,,,,,,,,,,,,,,,,,,
grid_447,132.0,133.0,-5.0,-4.0,40,,,,,0.660332504250985,0.6242745645264401,0.5034238720600437,,,,,,,,,,,,,,,,,,,,,,,
grid_448,132.0,133.0,-4.0,-3.0,10,,,,0.5920253334247096,0.5282245447060787,0.48511581833187123,,,,,,,,,,,,,,,,,,,,,,,,
grid_449,132.0,133.0,-3.0,-2.0,5,,,,0.6810879254244231,,,0.7886240723070321,,0.6459175675514099,,,,,,,,,,,,,,,,,,,,,
grid_450,132.0,133.0,-2.0,-1.0,15,,,,0.5680849795703213,0.5774562675466157,0.5877630991548722,,,,,,,,,,,,,,,,,,,,,,,,
grid_451,132.0,133.0,-1.0,0.0,269,,,,,0.7547629409288331,0.6841064753830983,0.5676241106058898,,,,,,,,,,,,,,,,,,,,,,,
grid_452,132.0,133.0,0.0,1.0,10,,,,0.5065891937942714,0.5239783939430634,0.5476260228468288,,,,,,,,,,,,,,,,,,,,,,,,
grid_453,132.0,133.0,1.0,2.0,29,,,,,0.6989160422368956,0.7010050936774739,0.547161342213221,,,,,,,,,,,,,,,,,,,,,,,
grid_454,132.0,133.0,2.0,3.0,6,,,,,0.5686926723477489,0.4992862566328864,0.3813797548714372,,,,,,,,,,,,,,,,,,,,,,,
grid_455,132.0,133.0,3.0,4.0,9,,,,,0.7328372151088571,0.6583335813326233,0.6274726550377137,,,,,,,,,,,,,,,,,,,,,,,
grid_456,132.0,133.0,4.0,5.0,3,,,,,0.6530272572577408,0.6658109613319089,0.6666666666300798,,,,,,,,,,,,,,,,,,,,,,,
grid_457,132.0,133.0,5.0,6.0,1,,,,,,,,,,,,,,,,,,,,,,,,,,,,,,
grid_458,133.0,134.0,-10.0,-9.0,1,,,,,,,,,,,,,,,,,,,,,,,,,,,,,,
grid_459,133.0,134.0,-9.0,-8.0,5,,,,,,0.47909458393002363,0.6298272777396852,,,,,,,,,,,,,,,,,,,,0.5724273280399735,,,
grid_460,133.0,134.0,-8.0,-7.0,17,,,,0.6159110675287471,0.5972412051735264,0.5900761236173105,,,,,,,,,,,,,,,,,,,,,,,,
grid_461,133.0,134.0,-7.0,-6.0,37,,,,,0.6770968170581898,0.6148707339092159,0.4626191822599196,,,,,,,,,,,,,,,,,,,,,,,
grid_462,133.0,134.0,-6.0,-5.0,227,,,,,0.6915527688016602,0.6581959212570695,0.5806473056446668,,,,,,,,,,,,,,,,,,,,,,,
grid_463,133.0,134.0,-5.0,-4.0,290,,,,,0.6665992034483607,0.5728247968213149,0.4341132615133687,,,,,,,,,,,,,,,,,,,,,,,
grid_464,133.0,134.0,-4.0,-3.0,50,,,,0.6922171617534153,0.6767950543802216,0.6682805879823313,,,,,,,,,,,,,,,,,,,,,,,,
grid_465,133.0,134.0,-3.0,-2.0,102,,,,,0.7043646123736452,0.627950327699802,0.46801282005157313,,,,,,,,,,,,,,,,,,,,,,,
grid_466,133.0,134.0,-2.0,-1.0,106,,,,,0.6975854270110025,0.6669913081937315,0.5517246952583933,,,,,,,,,,,,,,,,,,,,,,,
grid_467,133.0,134.0,-1.0,0.0,256,,,,,0.6909717999608247,0.6473869438205706,0.5208597032877277,,,,,,,,,,,,,,,,,,,,,,,
grid_468,133.0,134.0,0.0,1.0,5,,,,,,,0.4285177321074835,,0.5692879900492308,,,,,,,,,,,0.5628360355148334,,,,,,,,,,
grid_469,133.0,134.0,1.0,2.0,2,,,,,,,,,,,,,,,,,,,,,,,,,,,,,,
grid_470,133.0,134.0,2.0,3.0,5,,,,,0.6982039029293636,0.603145664829413,0.43210069483457725,,,,,,,,,,,,,,,,,,,,,,,
grid_471,133.0,134.0,3.0,4.0,1,,,,,,,,,,,,,,,,,,,,,,,,,,,,,,
grid_472,133.0,134.0,5.0,6.0,2,,,,,,,,,,,,,,,,,,,,,,,,,,,,,,
grid_473,134.0,135.0,-9.0,-8.0,6,,,,,0.713521713346644,0.6681114247245513,0.5369721328046538,,,,,,,,,,,,,,,,,,,,,,,
grid_474,134.0,135.0,-8.0,-7.0,4,,,,0.6350178659100055,0.6281097194341183,0.5872804269254215,,,,,,,,,,,,,,,,,,,,,,,,
grid_475,134.0,135.0,-7.0,-6.0,4,,,,,,0.43395102044172007,0.49908213595294704,,,,,,,,,,,,,,,,,,,,,0.49373371001911637,,
grid_476,134.0,135.0,-6.0,-5.0,64,,,,0.8052731872919918,0.7647934547984796,,0.5748346844344896,,,,,,,,,,,,,,,,,,,,,,,
grid_477,134.0,135.0,-5.0,-4.0,210,,,,,0.656197796866843,0.663097941499734,0.5542463895095118,,,,,,,,,,,,,,,,,,,,,,,
grid_478,134.0,135.0,-4.0,-3.0,222,,,,,0.6427418094723909,0.6561163442540474,0.48739942572422856,,,,,,,,,,,,,,,,,,,,,,,
grid_479,134.0,135.0,-3.0,-2.0,145,,,,,0.7149807566274515,0.6612403050093445,0.4753310111809871,,,,,,,,,,,,,,,,,,,,,,,
grid_480,134.0,135.0,-2.0,-1.0,212,,,,,0.7194155698093717,0.6418249809689935,0.5303419893292217,,,,,,,,,,,,,,,,,,,,,,,
grid_481,134.0,135.0,-1.0,0.0,71,,,,,0.6956601651889361,0.6466040502835574,0.4661638260039184,,,,,,,,,,,,,,,,,,,,,,,
grid_482,134.0,135.0,0.0,1.0,10,,,,0.7769564284654974,,0.6977814669901875,0.5460050586304291,,,,,,,,,,,,,,,,,,,,,,,
grid_483,135.0,136.0,-11.0,-10.0,2,,,,,,,,,,,,,,,,,,,,,,,,,,,,,,
grid_484,135.0,136.0,-8.0,-7.0,2,,,,,,,,,,,,,,,,,,,,,,,,,,,,,,
grid_485,135.0,136.0,-7.0,-6.0,3,,,,,,,0.47197969947354074,,,,,,,,,,,,,,,,,,,,,,0.4066737200600143,0.4066839849346598
grid_486,135.0,136.0,-6.0,-5.0,10,,,,,0.6654874834428539,0.5776942266240569,0.44664080888956265,,,,,,,,,,,,,,,,,,,,,,,
grid_487,135.0,136.0,-5.0,-4.0,155,,,,,0.6565156893716257,0.5966577177929746,0.4980040609591895,,,,,,,,,,,,,,,,,,,,,,,
grid_488,135.0,136.0,-4.0,-3.0,496,,,,,0.6960911270966175,0.6144862774540054,0.4740916171394115,,,,,,,,,,,,,,,,,,,,,,,
grid_489,135.0,136.0,-3.0,-2.0,14,,,,0.5985300730866613,0.5927601153076328,0.5529457426444317,,,,,,,,,,,,,,,,,,,,,,,,
grid_490,135.0,136.0,-2.0,-1.0,61,,,,,0.6243838937077407,0.5810255261136035,0.45244626739345173,,,,,,,,,,,,,,,,,,,,,,,
grid_491,135.0,136.0,-1.0,0.0,135,,,,,0.6490758167549605,0.6114395673062211,0.5099621723267244,,,,,,,,,,,,,,,,,,,,,,,
grid_492,135.0,136.0,0.0,1.0,4,,,,0.7234031121718598,0.7243676680583138,,0.5959793723153646,,,,,,,,,,,,,,,,,,,,,,,
grid_493,135.0,136.0,1.0,2.0,1,,,,,,,,,,,,,,,,,,,,,,,,,,,,,,
grid_494,136.0,137.0,-7.0,-6.0,2,,,,,,,,,,,,,,,,,,,,,,,,,,,,,,
grid_495,136.0,137.0,-6.0,-5.0,1,,,,,,,,,,,,,,,,,,,,,,,,,,,,,,
grid_496,136.0,137.0,-5.0,-4.0,89,,,,,0.7020162860589106,0.6325520814454687,0.48392369838543836,,,,,,,,,,,,,,,,,,,,,,,
grid_497,136.0,137.0,-4.0,-3.0,154,,,,,0.5545770851702427,0.5812651653785013,0.4394236718915458,,,,,,,,,,,,,,,,,,,,,,,
grid_498,136.0,137.0,-3.0,-2.0,113,,,,,0.6788793039590256,0.6030977520126403,0.4130759192324575,,,,,,,,,,,,,,,,,,,,,,,
grid_499,136.0,137.0,-2.0,-1.0,233,,,,,0.6223597103479258,0.5671697392070228,0.47935241981842225,,,,,,,,,,,,,,,,,,,,,,,
grid_500,136.0,137.0,-1.0,0.0,223,,,,,0.7576228351789712,0.6804319953360273,0.5681666726362957,,,,,,,,,,,,,,,,,,,,,,,
grid_501,136.0,137.0,5.0,6.0,1,,,,,,,,,,,,,,,,,,,,,,,,,,,,,,
grid_502,137.0,138.0,-6.0,-5.0,1,,,,,,,,,,,,,,,,,,,,,,,,,,,,,,
grid_503,137.0,138.0,-5.0,-4.0,59,,,,,0.6433133572320623,0.6122894975575311,0.5895173330525642,,,,,,,,,,,,,,,,,,,,,,,
grid_504,137.0,138.0,-4.0,-3.0,89,,,,,0.597631934612431,0.5551831908571055,0.47318088030313205,,,,,,,,,,,,,,,,,,,,,,,
grid_505,137.0,138.0,-3.0,-2.0,67,,,,,0.609021387894567,0.5174804017170924,0.4414538248208906,,,,,,,,,,,,,,,,,,,,,,,
grid_506,137.0,138.0,-2.0,-1.0,88,,,,,0.6471244284074117,0.5752870934610862,0.4193630150945473,,,,,,,,,,,,,,,,,,,,,,,
grid_507,137.0,138.0,-1.0,0.0,53,,,,,0.7097392502742219,0.6464765605242894,0.5088807632104105,,,,,,,,,,,,,,,,,,,,,,,
grid_508,137.0,138.0,0.0,1.0,1,,,,,,,,,,,,,,,,,,,,,,,,,,,,,,
grid_509,137.0,138.0,5.0,6.0,1,,,,,,,,,,,,,,,,,,,,,,,,,,,,,,
grid_510,138.0,139.0,-10.0,-9.0,2,,,,,,,,,,,,,,,,,,,,,,,,,,,,,,
grid_511,138.0,139.0,-8.0,-7.0,1,,,,,,,,,,,,,,,,,,,,,,,,,,,,,,
grid_512,138.0,139.0,-6.0,-5.0,10,,,,0.6620259684879364,,0.5748059053845935,0.4107149146820695,,,,,,,,,,,,,,,,,,,,,,,
grid_513,138.0,139.0,-5.0,-4.0,127,,,,,0.6005503509246827,0.5839451668068518,0.4788301652139199,,,,,,,,,,,,,,,,,,,,,,,
grid_514,138.0,139.0,-4.0,-3.0,183,,,,,0.6043040826487293,0.5538055896495946,0.4080326331610517,,,,,,,,,,,,,,,,,,,,,,,
grid_515,138.0,139.0,-3.0,-2.0,755,,,,,0.6473324014869831,0.6147348322904309,0.5178655754157597,,,,,,,,,,,,,,,,,,,,,,,
grid_516,138.0,139.0,-2.0,-1.0,136,,,,,0.6842412292614256,0.5986671326490176,0.4674814767350649,,,,,,,,,,,,,,,,,,,,,,,
grid_517,138.0,139.0,-1.0,0.0,6,,,,,0.43493451328751004,0.41051624292611305,0.3419838878649539,,,,,,,,,,,,,,,,,,,,,,,
grid_518,138.0,139.0,4.0,5.0,1,,,,,,,,,,,,,,,,,,,,,,,,,,,,,,
grid_519,139.0,140.0,-8.0,-7.0,1,,,,,,,,,,,,,,,,,,,,,,,,,,,,,,
grid_520,139.0,140.0,-7.0,-6.0,1,,,,,,,,,,,,,,,,,,,,,,,,,,,,,,
grid_521,139.0,140.0,-6.0,-5.0,14,,,,,0.6917668794430689,0.6391857962463113,0.606091334134396,,,,,,,,,,,,,,,,,,,,,,,
grid_522,139.0,140.0,-5.0,-4.0,194,,,,,0.6369981760237444,0.5860668925191693,0.5037841971716953,,,,,,,,,,,,,,,,,,,,,,,
grid_523,139.0,140.0,-4.0,-3.0,381,,,,,0.6560027998306052,0.5885521134561799,0.4592862119945296,,,,,,,,,,,,,,,,,,,,,,,
grid_524,139.0,140.0,-3.0,-2.0,650,,,,,0.6399062931540694,0.5836019803693527,0.47493168646119566,,,,,,,,,,,,,,,,,,,,,,,
grid_525,139.0,140.0,-2.0,-1.0,75,,,,0.8323814910683287,,,0.553791381346538,0.8569384423817439,,,,,,,,,,,,,,,,,,,,,,
grid_526,140.0,141.0,-6.0,-5.0,49,,,,,0.6229529260546472,0.5851112699769789,0.4792613848658202,,,,,,,,,,,,,,,,,,,,,,,
grid_527,140.0,141.0,-5.0,-4.0,82,,,,,0.6985524677386153,0.617410521299329,0.4663463912347033,,,,,,,,,,,,,,,,,,,,,,,
grid_528,140.0,141.0,-4.0,-3.0,289,,,,,0.6801277257292297,0.5901409381326506,0.46109910292773315,,,,,,,,,,,,,,,,,,,,,,,
grid_529,140.0,141.0,-3.0,-2.0,317,,,,,0.647873890409204,0.5858518885556222,0.44924023600075724,,,,,,,,,,,,,,,,,,,,,,,
grid_530,140.0,141.0,-2.0,-1.0,32,,,,,,0.7650988017971201,0.6366060014581592,,0.8702569925514336,,,,,,,,,,,,,,,,,,,,,
grid_531,140.0,141.0,4.0,5.0,1,,,,,,,,,,,,,,,,,,,,,,,,,,,,,,
