id,iddata,time_s,datetime,hour,minute,second,dayofweek,month,year,dayofyear,dayofmonth,weekofyear,quarter,season
1,40404092,1282359471,2010-08-21 02:57:51,2,57,51,5,8,2010,233,21,33,3,Summer
2,40405296,1282362977,2010-08-21 03:56:17,3,56,17,5,8,2010,233,21,33,3,Summer
3,40406778,1282365840,2010-08-21 04:44:00,4,44,0,5,8,2010,233,21,33,3,Summer
4,404011637,1282374661,2010-08-21 07:11:01,7,11,1,5,8,2010,233,21,33,3,Summer
5,404011687,1282374742,2010-08-21 07:12:22,7,12,22,5,8,2010,233,21,33,3,Summer
6,404014263,1282380022,2010-08-21 08:40:22,8,40,22,5,8,2010,233,21,33,3,Summer
7,404015721,1282382703,2010-08-21 09:25:03,9,25,3,5,8,2010,233,21,33,3,Summer
8,404015785,1282382710,2010-08-21 09:25:10,9,25,10,5,8,2010,233,21,33,3,Summer
9,404015820,1282382715,2010-08-21 09:25:15,9,25,15,5,8,2010,233,21,33,3,Summer
12,404016045,1282382735,2010-08-21 09:25:35,9,25,35,5,8,2010,233,21,33,3,Summer
10,404016037,1282382735,2010-08-21 09:25:35,9,25,35,5,8,2010,233,21,33,3,Summer
11,404016039,1282382735,2010-08-21 09:25:35,9,25,35,5,8,2010,233,21,33,3,Summer
13,404017809,1282389712,2010-08-21 11:21:52,11,21,52,5,8,2010,233,21,33,3,Summer
14,404018858,1282391651,2010-08-21 11:54:11,11,54,11,5,8,2010,233,21,33,3,Summer
15,404019201,1282392853,2010-08-21 12:14:13,12,14,13,5,8,2010,233,21,33,3,Summer
16,404022273,1282398022,2010-08-21 13:40:22,13,40,22,5,8,2010,233,21,33,3,Summer
17,404022334,1282398092,2010-08-21 13:41:32,13,41,32,5,8,2010,233,21,33,3,Summer
18,404022693,1282398334,2010-08-21 13:45:34,13,45,34,5,8,2010,233,21,33,3,Summer
19,404022975,1282398501,2010-08-21 13:48:21,13,48,21,5,8,2010,233,21,33,3,Summer
20,404023120,1282398580,2010-08-21 13:49:40,13,49,40,5,8,2010,233,21,33,3,Summer
21,404023122,1282398583,2010-08-21 13:49:43,13,49,43,5,8,2010,233,21,33,3,Summer
22,404025223,1282400433,2010-08-21 14:20:33,14,20,33,5,8,2010,233,21,33,3,Summer
23,404025701,1282400668,2010-08-21 14:24:28,14,24,28,5,8,2010,233,21,33,3,Summer
24,404026745,1282401717,2010-08-21 14:41:57,14,41,57,5,8,2010,233,21,33,3,Summer
25,404030260,1282407189,2010-08-21 16:13:09,16,13,9,5,8,2010,233,21,33,3,Summer
26,404030788,1282408051,2010-08-21 16:27:31,16,27,31,5,8,2010,233,21,33,3,Summer
27,404022975,1282408723,2010-08-21 16:38:43,16,38,43,5,8,2010,233,21,33,3,Summer
28,41413498,1282447896,2010-08-22 03:31:36,3,31,36,6,8,2010,234,22,33,3,Summer
29,41413500,1282447897,2010-08-22 03:31:37,3,31,37,6,8,2010,234,22,33,3,Summer
30,41414215,1282448799,2010-08-22 03:46:39,3,46,39,6,8,2010,234,22,33,3,Summer
31,40405296,1282448800,2010-08-22 03:46:40,3,46,40,6,8,2010,234,22,33,3,Summer
32,41414273,1282448813,2010-08-22 03:46:53,3,46,53,6,8,2010,234,22,33,3,Summer
33,41414294,1282448821,2010-08-22 03:47:01,3,47,1,6,8,2010,234,22,33,3,Summer
34,404022693,1282449930,2010-08-22 04:05:30,4,5,30,6,8,2010,234,22,33,3,Summer
35,404012927,1282457119,2010-08-22 06:05:19,6,5,19,6,8,2010,234,22,33,3,Summer
36,41417335,1282458162,2010-08-22 06:22:42,6,22,42,6,8,2010,234,22,33,3,Summer
37,404022975,1282470776,2010-08-22 09:52:56,9,52,56,6,8,2010,234,22,33,3,Summer
38,414115076,1282482643,2010-08-22 13:10:43,13,10,43,6,8,2010,234,22,33,3,Summer
39,414121079,1282496269,2010-08-22 16:57:49,16,57,49,6,8,2010,234,22,33,3,Summer
42,414121093,1282496270,2010-08-22 16:57:50,16,57,50,6,8,2010,234,22,33,3,Summer
40,414121089,1282496270,2010-08-22 16:57:50,16,57,50,6,8,2010,234,22,33,3,Summer
41,414121091,1282496270,2010-08-22 16:57:50,16,57,50,6,8,2010,234,22,33,3,Summer
43,414121097,1282496271,2010-08-22 16:57:51,16,57,51,6,8,2010,234,22,33,3,Summer
44,414121126,1282496272,2010-08-22 16:57:52,16,57,52,6,8,2010,234,22,33,3,Summer
45,414124662,1282500028,2010-08-22 18:00:28,18,0,28,6,8,2010,234,22,33,3,Summer
46,414128833,1282506637,2010-08-22 19:50:37,19,50,37,6,8,2010,234,22,33,3,Summer
47,414128899,1282506850,2010-08-22 19:54:10,19,54,10,6,8,2010,234,22,33,3,Summer
48,414124662,1282525684,2010-08-23 01:08:04,1,8,4,0,8,2010,235,23,34,3,Summer
49,404026745,1282526563,2010-08-23 01:22:43,1,22,43,0,8,2010,235,23,34,3,Summer
50,42422241,1282527462,2010-08-23 01:37:42,1,37,42,0,8,2010,235,23,34,3,Summer
51,42422241,1282528954,2010-08-23 02:02:34,2,2,34,0,8,2010,235,23,34,3,Summer
52,42422241,1282528977,2010-08-23 02:02:57,2,2,57,0,8,2010,235,23,34,3,Summer
53,42422241,1282528982,2010-08-23 02:03:02,2,3,2,0,8,2010,235,23,34,3,Summer
54,42424307,1282529785,2010-08-23 02:16:25,2,16,25,0,8,2010,235,23,34,3,Summer
55,404015820,1282529818,2010-08-23 02:16:58,2,16,58,0,8,2010,235,23,34,3,Summer
56,414119529,1282530759,2010-08-23 02:32:39,2,32,39,0,8,2010,235,23,34,3,Summer
57,42426746,1282531406,2010-08-23 02:43:26,2,43,26,0,8,2010,235,23,34,3,Summer
58,404015721,1282532101,2010-08-23 02:55:01,2,55,1,0,8,2010,235,23,34,3,Summer
59,42428115,1282532704,2010-08-23 03:05:04,3,5,4,0,8,2010,235,23,34,3,Summer
60,42428194,1282532803,2010-08-23 03:06:43,3,6,43,0,8,2010,235,23,34,3,Summer
61,42429156,1282534075,2010-08-23 03:27:55,3,27,55,0,8,2010,235,23,34,3,Summer
62,414119529,1282534105,2010-08-23 03:28:25,3,28,25,0,8,2010,235,23,34,3,Summer
63,404022975,1282534211,2010-08-23 03:30:11,3,30,11,0,8,2010,235,23,34,3,Summer
64,404015820,1282534220,2010-08-23 03:30:20,3,30,20,0,8,2010,235,23,34,3,Summer
65,42429791,1282534824,2010-08-23 03:40:24,3,40,24,0,8,2010,235,23,34,3,Summer
66,414119529,1282534879,2010-08-23 03:41:19,3,41,19,0,8,2010,235,23,34,3,Summer
67,414119529,1282534908,2010-08-23 03:41:48,3,41,48,0,8,2010,235,23,34,3,Summer
68,42422241,1282535085,2010-08-23 03:44:45,3,44,45,0,8,2010,235,23,34,3,Summer
69,424210311,1282535100,2010-08-23 03:45:00,3,45,0,0,8,2010,235,23,34,3,Summer
70,414119529,1282535304,2010-08-23 03:48:24,3,48,24,0,8,2010,235,23,34,3,Summer
71,414119529,1282535626,2010-08-23 03:53:46,3,53,46,0,8,2010,235,23,34,3,Summer
72,404015615,1282536067,2010-08-23 04:01:07,4,1,7,0,8,2010,235,23,34,3,Summer
73,414119529,1282536070,2010-08-23 04:01:10,4,1,10,0,8,2010,235,23,34,3,Summer
74,424212798,1282537518,2010-08-23 04:25:18,4,25,18,0,8,2010,235,23,34,3,Summer
75,424213470,1282538048,2010-08-23 04:34:08,4,34,8,0,8,2010,235,23,34,3,Summer
76,42422241,1282538843,2010-08-23 04:47:23,4,47,23,0,8,2010,235,23,34,3,Summer
77,424215631,1282539787,2010-08-23 05:03:07,5,3,7,0,8,2010,235,23,34,3,Summer
78,404026745,1282545534,2010-08-23 06:38:54,6,38,54,0,8,2010,235,23,34,3,Summer
79,414119529,1282546062,2010-08-23 06:47:42,6,47,42,0,8,2010,235,23,34,3,Summer
80,424222415,1282546232,2010-08-23 06:50:32,6,50,32,0,8,2010,235,23,34,3,Summer
82,424222536,1282546254,2010-08-23 06:50:54,6,50,54,0,8,2010,235,23,34,3,Summer
81,424222532,1282546254,2010-08-23 06:50:54,6,50,54,0,8,2010,235,23,34,3,Summer
83,424212798,1282547695,2010-08-23 07:14:55,7,14,55,0,8,2010,235,23,34,3,Summer
84,424224859,1282548682,2010-08-23 07:31:22,7,31,22,0,8,2010,235,23,34,3,Summer
85,424225075,1282548816,2010-08-23 07:33:36,7,33,36,0,8,2010,235,23,34,3,Summer
86,41414273,1282549167,2010-08-23 07:39:27,7,39,27,0,8,2010,235,23,34,3,Summer
87,424225857,1282549338,2010-08-23 07:42:18,7,42,18,0,8,2010,235,23,34,3,Summer
88,414119529,1282553419,2010-08-23 08:50:19,8,50,19,0,8,2010,235,23,34,3,Summer
89,424237658,1282558795,2010-08-23 10:19:55,10,19,55,0,8,2010,235,23,34,3,Summer
90,424239633,1282560558,2010-08-23 10:49:18,10,49,18,0,8,2010,235,23,34,3,Summer
91,424241811,1282562419,2010-08-23 11:20:19,11,20,19,0,8,2010,235,23,34,3,Summer
92,424249368,1282566915,2010-08-23 12:35:15,12,35,15,0,8,2010,235,23,34,3,Summer
93,424250048,1282567176,2010-08-23 12:39:36,12,39,36,0,8,2010,235,23,34,3,Summer
94,424251018,1282567533,2010-08-23 12:45:33,12,45,33,0,8,2010,235,23,34,3,Summer
95,424251018,1282567565,2010-08-23 12:46:05,12,46,5,0,8,2010,235,23,34,3,Summer
96,424251018,1282567618,2010-08-23 12:46:58,12,46,58,0,8,2010,235,23,34,3,Summer
97,404015721,1282572375,2010-08-23 14:06:15,14,6,15,0,8,2010,235,23,34,3,Summer
98,414119529,1282572409,2010-08-23 14:06:49,14,6,49,0,8,2010,235,23,34,3,Summer
99,424239633,1282572453,2010-08-23 14:07:33,14,7,33,0,8,2010,235,23,34,3,Summer
100,414119529,1282572519,2010-08-23 14:08:39,14,8,39,0,8,2010,235,23,34,3,Summer
101,424275092,1282577739,2010-08-23 15:35:39,15,35,39,0,8,2010,235,23,34,3,Summer
102,414111936,1282578087,2010-08-23 15:41:27,15,41,27,0,8,2010,235,23,34,3,Summer
103,414119529,1282578637,2010-08-23 15:50:37,15,50,37,0,8,2010,235,23,34,3,Summer
104,404019201,1282579132,2010-08-23 15:58:52,15,58,52,0,8,2010,235,23,34,3,Summer
105,424279122,1282579380,2010-08-23 16:03:00,16,3,0,0,8,2010,235,23,34,3,Summer
106,414121079,1282579388,2010-08-23 16:03:08,16,3,8,0,8,2010,235,23,34,3,Summer
107,424279179,1282579390,2010-08-23 16:03:10,16,3,10,0,8,2010,235,23,34,3,Summer
108,424279184,1282579390,2010-08-23 16:03:10,16,3,10,0,8,2010,235,23,34,3,Summer
109,424279186,1282579390,2010-08-23 16:03:10,16,3,10,0,8,2010,235,23,34,3,Summer
110,424279189,1282579391,2010-08-23 16:03:11,16,3,11,0,8,2010,235,23,34,3,Summer
111,424279832,1282579627,2010-08-23 16:07:07,16,7,7,0,8,2010,235,23,34,3,Summer
112,424280283,1282579787,2010-08-23 16:09:47,16,9,47,0,8,2010,235,23,34,3,Summer
113,424281606,1282580276,2010-08-23 16:17:56,16,17,56,0,8,2010,235,23,34,3,Summer
114,404026745,1282580837,2010-08-23 16:27:17,16,27,17,0,8,2010,235,23,34,3,Summer
115,404023122,1282581354,2010-08-23 16:35:54,16,35,54,0,8,2010,235,23,34,3,Summer
116,414119529,1282581543,2010-08-23 16:39:03,16,39,3,0,8,2010,235,23,34,3,Summer
117,414121079,1282582489,2010-08-23 16:54:49,16,54,49,0,8,2010,235,23,34,3,Summer
118,424286353,1282582489,2010-08-23 16:54:49,16,54,49,0,8,2010,235,23,34,3,Summer
119,424286355,1282582489,2010-08-23 16:54:49,16,54,49,0,8,2010,235,23,34,3,Summer
120,424286360,1282582489,2010-08-23 16:54:49,16,54,49,0,8,2010,235,23,34,3,Summer
125,414121093,1282582492,2010-08-23 16:54:52,16,54,52,0,8,2010,235,23,34,3,Summer
124,424286389,1282582492,2010-08-23 16:54:52,16,54,52,0,8,2010,235,23,34,3,Summer
123,414121091,1282582492,2010-08-23 16:54:52,16,54,52,0,8,2010,235,23,34,3,Summer
122,424286385,1282582492,2010-08-23 16:54:52,16,54,52,0,8,2010,235,23,34,3,Summer
121,414121089,1282582492,2010-08-23 16:54:52,16,54,52,0,8,2010,235,23,34,3,Summer
126,424286399,1282582493,2010-08-23 16:54:53,16,54,53,0,8,2010,235,23,34,3,Summer
127,414121126,1282582493,2010-08-23 16:54:53,16,54,53,0,8,2010,235,23,34,3,Summer
128,424286462,1282582499,2010-08-23 16:54:59,16,54,59,0,8,2010,235,23,34,3,Summer
129,41414215,1282582513,2010-08-23 16:55:13,16,55,13,0,8,2010,235,23,34,3,Summer
130,40405296,1282582514,2010-08-23 16:55:14,16,55,14,0,8,2010,235,23,34,3,Summer
131,424287734,1282582764,2010-08-23 16:59:24,16,59,24,0,8,2010,235,23,34,3,Summer
132,404022693,1282582876,2010-08-23 17:01:16,17,1,16,0,8,2010,235,23,34,3,Summer
133,424292333,1282585072,2010-08-23 17:37:52,17,37,52,0,8,2010,235,23,34,3,Summer
134,424295970,1282586873,2010-08-23 18:07:53,18,7,53,0,8,2010,235,23,34,3,Summer
135,424295975,1282586882,2010-08-23 18:08:02,18,8,2,0,8,2010,235,23,34,3,Summer
136,424279832,1282587987,2010-08-23 18:26:27,18,26,27,0,8,2010,235,23,34,3,Summer
137,424298565,1282588047,2010-08-23 18:27:27,18,27,27,0,8,2010,235,23,34,3,Summer
138,4242103789,1282590873,2010-08-23 19:14:33,19,14,33,0,8,2010,235,23,34,3,Summer
139,4242104897,1282591379,2010-08-23 19:22:59,19,22,59,0,8,2010,235,23,34,3,Summer
140,404023120,1282591449,2010-08-23 19:24:09,19,24,9,0,8,2010,235,23,34,3,Summer
141,404023120,1282591635,2010-08-23 19:27:15,19,27,15,0,8,2010,235,23,34,3,Summer
142,404023120,1282591977,2010-08-23 19:32:57,19,32,57,0,8,2010,235,23,34,3,Summer
143,4242106418,1282592384,2010-08-23 19:39:44,19,39,44,0,8,2010,235,23,34,3,Summer
144,4242110232,1282594958,2010-08-23 20:22:38,20,22,38,0,8,2010,235,23,34,3,Summer
145,4242114478,1282597479,2010-08-23 21:04:39,21,4,39,0,8,2010,235,23,34,3,Summer
146,41414215,1282598021,2010-08-23 21:13:41,21,13,41,0,8,2010,235,23,34,3,Summer
147,414119529,1282598026,2010-08-23 21:13:46,21,13,46,0,8,2010,235,23,34,3,Summer
148,41414273,1282598027,2010-08-23 21:13:47,21,13,47,0,8,2010,235,23,34,3,Summer
149,41414273,1282600281,2010-08-23 21:51:21,21,51,21,0,8,2010,235,23,34,3,Summer
150,4242119150,1282601390,2010-08-23 22:09:50,22,9,50,0,8,2010,235,23,34,3,Summer
151,4242120014,1282601922,2010-08-23 22:18:42,22,18,42,0,8,2010,235,23,34,3,Summer
152,4242121166,1282602874,2010-08-23 22:34:34,22,34,34,0,8,2010,235,23,34,3,Summer
153,4242121362,1282602991,2010-08-23 22:36:31,22,36,31,0,8,2010,235,23,34,3,Summer
154,424215176,1282603487,2010-08-23 22:44:47,22,44,47,0,8,2010,235,23,34,3,Summer
155,4242125911,1282607573,2010-08-23 23:52:53,23,52,53,0,8,2010,235,23,34,3,Summer
156,43432401,1282611846,2010-08-24 01:04:06,1,4,6,1,8,2010,236,24,34,3,Summer
157,404022693,1282611875,2010-08-24 01:04:35,1,4,35,1,8,2010,236,24,34,3,Summer
158,43435514,1282613132,2010-08-24 01:25:32,1,25,32,1,8,2010,236,24,34,3,Summer
159,43436639,1282613644,2010-08-24 01:34:04,1,34,4,1,8,2010,236,24,34,3,Summer
160,43436640,1282613644,2010-08-24 01:34:04,1,34,4,1,8,2010,236,24,34,3,Summer
161,434310900,1282618416,2010-08-24 02:53:36,2,53,36,1,8,2010,236,24,34,3,Summer
162,434311754,1282620175,2010-08-24 03:22:55,3,22,55,1,8,2010,236,24,34,3,Summer
163,434311768,1282620200,2010-08-24 03:23:20,3,23,20,1,8,2010,236,24,34,3,Summer
164,434314690,1282623106,2010-08-24 04:11:46,4,11,46,1,8,2010,236,24,34,3,Summer
165,434314703,1282623110,2010-08-24 04:11:50,4,11,50,1,8,2010,236,24,34,3,Summer
166,434315347,1282623512,2010-08-24 04:18:32,4,18,32,1,8,2010,236,24,34,3,Summer
167,434316511,1282624074,2010-08-24 04:27:54,4,27,54,1,8,2010,236,24,34,3,Summer
168,404013593,1282625270,2010-08-24 04:47:50,4,47,50,1,8,2010,236,24,34,3,Summer
169,4242119150,1282627450,2010-08-24 05:24:10,5,24,10,1,8,2010,236,24,34,3,Summer
170,434324249,1282628376,2010-08-24 05:39:36,5,39,36,1,8,2010,236,24,34,3,Summer
171,404016039,1282628534,2010-08-24 05:42:14,5,42,14,1,8,2010,236,24,34,3,Summer
172,434325349,1282628945,2010-08-24 05:49:05,5,49,5,1,8,2010,236,24,34,3,Summer
173,404022693,1282629240,2010-08-24 05:54:00,5,54,0,1,8,2010,236,24,34,3,Summer
174,40405296,1282629902,2010-08-24 06:05:02,6,5,2,1,8,2010,236,24,34,3,Summer
175,414124662,1282630889,2010-08-24 06:21:29,6,21,29,1,8,2010,236,24,34,3,Summer
176,424215176,1282632068,2010-08-24 06:41:08,6,41,8,1,8,2010,236,24,34,3,Summer
177,41414215,1282633337,2010-08-24 07:02:17,7,2,17,1,8,2010,236,24,34,3,Summer
178,414124662,1282637652,2010-08-24 08:14:12,8,14,12,1,8,2010,236,24,34,3,Summer
179,434337117,1282638657,2010-08-24 08:30:57,8,30,57,1,8,2010,236,24,34,3,Summer
180,41413500,1282641369,2010-08-24 09:16:09,9,16,9,1,8,2010,236,24,34,3,Summer
181,434341517,1282643430,2010-08-24 09:50:30,9,50,30,1,8,2010,236,24,34,3,Summer
182,414119529,1282647800,2010-08-24 11:03:20,11,3,20,1,8,2010,236,24,34,3,Summer
183,434346509,1282647826,2010-08-24 11:03:46,11,3,46,1,8,2010,236,24,34,3,Summer
184,434346945,1282648219,2010-08-24 11:10:19,11,10,19,1,8,2010,236,24,34,3,Summer
185,404015721,1282648748,2010-08-24 11:19:08,11,19,8,1,8,2010,236,24,34,3,Summer
186,4242125911,1282651918,2010-08-24 12:11:58,12,11,58,1,8,2010,236,24,34,3,Summer
187,434352050,1282652067,2010-08-24 12:14:27,12,14,27,1,8,2010,236,24,34,3,Summer
188,424249368,1282652238,2010-08-24 12:17:18,12,17,18,1,8,2010,236,24,34,3,Summer
189,434354158,1282653568,2010-08-24 12:39:28,12,39,28,1,8,2010,236,24,34,3,Summer
190,434354165,1282653569,2010-08-24 12:39:29,12,39,29,1,8,2010,236,24,34,3,Summer
191,434355815,1282654418,2010-08-24 12:53:38,12,53,38,1,8,2010,236,24,34,3,Summer
192,4242106418,1282654508,2010-08-24 12:55:08,12,55,8,1,8,2010,236,24,34,3,Summer
193,434356357,1282654696,2010-08-24 12:58:16,12,58,16,1,8,2010,236,24,34,3,Summer
194,434359816,1282656420,2010-08-24 13:27:00,13,27,0,1,8,2010,236,24,34,3,Summer
195,434362400,1282657807,2010-08-24 13:50:07,13,50,7,1,8,2010,236,24,34,3,Summer
196,434369467,1282661492,2010-08-24 14:51:32,14,51,32,1,8,2010,236,24,34,3,Summer
197,434371597,1282662512,2010-08-24 15:08:32,15,8,32,1,8,2010,236,24,34,3,Summer
198,434374496,1282663911,2010-08-24 15:31:51,15,31,51,1,8,2010,236,24,34,3,Summer
199,434374747,1282664030,2010-08-24 15:33:50,15,33,50,1,8,2010,236,24,34,3,Summer
200,434375429,1282664321,2010-08-24 15:38:41,15,38,41,1,8,2010,236,24,34,3,Summer
201,434375588,1282664430,2010-08-24 15:40:30,15,40,30,1,8,2010,236,24,34,3,Summer
202,434375661,1282664465,2010-08-24 15:41:05,15,41,5,1,8,2010,236,24,34,3,Summer
203,424249368,1282665026,2010-08-24 15:50:26,15,50,26,1,8,2010,236,24,34,3,Summer
204,434377318,1282665180,2010-08-24 15:53:00,15,53,0,1,8,2010,236,24,34,3,Summer
205,434377319,1282665180,2010-08-24 15:53:00,15,53,0,1,8,2010,236,24,34,3,Summer
206,434384230,1282669789,2010-08-24 17:09:49,17,9,49,1,8,2010,236,24,34,3,Summer
207,434384766,1282670171,2010-08-24 17:16:11,17,16,11,1,8,2010,236,24,34,3,Summer
208,434384810,1282670206,2010-08-24 17:16:46,17,16,46,1,8,2010,236,24,34,3,Summer
209,434384860,1282670246,2010-08-24 17:17:26,17,17,26,1,8,2010,236,24,34,3,Summer
210,434387115,1282671186,2010-08-24 17:33:06,17,33,6,1,8,2010,236,24,34,3,Summer
211,434387120,1282671186,2010-08-24 17:33:06,17,33,6,1,8,2010,236,24,34,3,Summer
212,434387121,1282671186,2010-08-24 17:33:06,17,33,6,1,8,2010,236,24,34,3,Summer
213,424215631,1282675939,2010-08-24 18:52:19,18,52,19,1,8,2010,236,24,34,3,Summer
214,434395823,1282677295,2010-08-24 19:14:55,19,14,55,1,8,2010,236,24,34,3,Summer
215,424275092,1282677296,2010-08-24 19:14:56,19,14,56,1,8,2010,236,24,34,3,Summer
216,434396758,1282678058,2010-08-24 19:27:38,19,27,38,1,8,2010,236,24,34,3,Summer
217,434397073,1282678232,2010-08-24 19:30:32,19,30,32,1,8,2010,236,24,34,3,Summer
218,434397152,1282678894,2010-08-24 19:41:34,19,41,34,1,8,2010,236,24,34,3,Summer
219,4343101892,1282681677,2010-08-24 20:27:57,20,27,57,1,8,2010,236,24,34,3,Summer
220,4343102501,1282681997,2010-08-24 20:33:17,20,33,17,1,8,2010,236,24,34,3,Summer
221,404015615,1282682208,2010-08-24 20:36:48,20,36,48,1,8,2010,236,24,34,3,Summer
222,4343103527,1282682486,2010-08-24 20:41:26,20,41,26,1,8,2010,236,24,34,3,Summer
223,414119529,1282685750,2010-08-24 21:35:50,21,35,50,1,8,2010,236,24,34,3,Summer
224,414119529,1282685958,2010-08-24 21:39:18,21,39,18,1,8,2010,236,24,34,3,Summer
225,4343107800,1282686641,2010-08-24 21:50:41,21,50,41,1,8,2010,236,24,34,3,Summer
226,4343110787,1282689706,2010-08-24 22:41:46,22,41,46,1,8,2010,236,24,34,3,Summer
227,434362400,1282693269,2010-08-24 23:41:09,23,41,9,1,8,2010,236,24,34,3,Summer
228,424212798,1282698190,2010-08-25 01:03:10,1,3,10,2,8,2010,237,25,34,3,Summer
229,44441871,1282698951,2010-08-25 01:15:51,1,15,51,2,8,2010,237,25,34,3,Summer
230,44446392,1282703204,2010-08-25 02:26:44,2,26,44,2,8,2010,237,25,34,3,Summer
231,424222532,1282703472,2010-08-25 02:31:12,2,31,12,2,8,2010,237,25,34,3,Summer
232,44447377,1282703812,2010-08-25 02:36:52,2,36,52,2,8,2010,237,25,34,3,Summer
233,44448423,1282704651,2010-08-25 02:50:51,2,50,51,2,8,2010,237,25,34,3,Summer
234,44448559,1282704738,2010-08-25 02:52:18,2,52,18,2,8,2010,237,25,34,3,Summer
235,44446392,1282704879,2010-08-25 02:54:39,2,54,39,2,8,2010,237,25,34,3,Summer
236,44444306,1282706390,2010-08-25 03:19:50,3,19,50,2,8,2010,237,25,34,3,Summer
237,404022693,1282707080,2010-08-25 03:31:20,3,31,20,2,8,2010,237,25,34,3,Summer
238,41414273,1282707623,2010-08-25 03:40:23,3,40,23,2,8,2010,237,25,34,3,Summer
239,424225075,1282708818,2010-08-25 04:00:18,4,0,18,2,8,2010,237,25,34,3,Summer
240,41414263,1282709293,2010-08-25 04:08:13,4,8,13,2,8,2010,237,25,34,3,Summer
241,414119529,1282710025,2010-08-25 04:20:25,4,20,25,2,8,2010,237,25,34,3,Summer
242,404026745,1282711056,2010-08-25 04:37:36,4,37,36,2,8,2010,237,25,34,3,Summer
243,414119529,1282711137,2010-08-25 04:38:57,4,38,57,2,8,2010,237,25,34,3,Summer
244,43435514,1282711973,2010-08-25 04:52:53,4,52,53,2,8,2010,237,25,34,3,Summer
245,444415739,1282711990,2010-08-25 04:53:10,4,53,10,2,8,2010,237,25,34,3,Summer
246,424210311,1282712055,2010-08-25 04:54:15,4,54,15,2,8,2010,237,25,34,3,Summer
247,444416482,1282712605,2010-08-25 05:03:25,5,3,25,2,8,2010,237,25,34,3,Summer
248,404015785,1282714852,2010-08-25 05:40:52,5,40,52,2,8,2010,237,25,34,3,Summer
249,444420111,1282715390,2010-08-25 05:49:50,5,49,50,2,8,2010,237,25,34,3,Summer
250,444420111,1282715391,2010-08-25 05:49:51,5,49,51,2,8,2010,237,25,34,3,Summer
251,424212798,1282715392,2010-08-25 05:49:52,5,49,52,2,8,2010,237,25,34,3,Summer
252,444420415,1282715491,2010-08-25 05:51:31,5,51,31,2,8,2010,237,25,34,3,Summer
253,444420420,1282715492,2010-08-25 05:51:32,5,51,32,2,8,2010,237,25,34,3,Summer
254,444420424,1282715492,2010-08-25 05:51:32,5,51,32,2,8,2010,237,25,34,3,Summer
255,444420469,1282715499,2010-08-25 05:51:39,5,51,39,2,8,2010,237,25,34,3,Summer
256,42424182,1282715803,2010-08-25 05:56:43,5,56,43,2,8,2010,237,25,34,3,Summer
257,444421190,1282715877,2010-08-25 05:57:57,5,57,57,2,8,2010,237,25,34,3,Summer
258,444421271,1282715896,2010-08-25 05:58:16,5,58,16,2,8,2010,237,25,34,3,Summer
259,444422121,1282716422,2010-08-25 06:07:02,6,7,2,2,8,2010,237,25,34,3,Summer
260,434396559,1282717642,2010-08-25 06:27:22,6,27,22,2,8,2010,237,25,34,3,Summer
261,424212798,1282717775,2010-08-25 06:29:35,6,29,35,2,8,2010,237,25,34,3,Summer
262,404022693,1282718281,2010-08-25 06:38:01,6,38,1,2,8,2010,237,25,34,3,Summer
263,42429156,1282719389,2010-08-25 06:56:29,6,56,29,2,8,2010,237,25,34,3,Summer
264,444425548,1282719425,2010-08-25 06:57:05,6,57,5,2,8,2010,237,25,34,3,Summer
265,424225075,1282720326,2010-08-25 07:12:06,7,12,6,2,8,2010,237,25,34,3,Summer
266,444428293,1282720690,2010-08-25 07:18:10,7,18,10,2,8,2010,237,25,34,3,Summer
267,444428603,1282720963,2010-08-25 07:22:43,7,22,43,2,8,2010,237,25,34,3,Summer
268,444429795,1282721810,2010-08-25 07:36:50,7,36,50,2,8,2010,237,25,34,3,Summer
269,444430111,1282722173,2010-08-25 07:42:53,7,42,53,2,8,2010,237,25,34,3,Summer
270,444430785,1282723199,2010-08-25 07:59:59,7,59,59,2,8,2010,237,25,34,3,Summer
271,444434288,1282727358,2010-08-25 09:09:18,9,9,18,2,8,2010,237,25,34,3,Summer
272,444434310,1282727404,2010-08-25 09:10:04,9,10,4,2,8,2010,237,25,34,3,Summer
273,414119529,1282727934,2010-08-25 09:18:54,9,18,54,2,8,2010,237,25,34,3,Summer
274,404022693,1282734895,2010-08-25 11:14:55,11,14,55,2,8,2010,237,25,34,3,Summer
275,414119529,1282736965,2010-08-25 11:49:25,11,49,25,2,8,2010,237,25,34,3,Summer
276,4242125911,1282737544,2010-08-25 11:59:04,11,59,4,2,8,2010,237,25,34,3,Summer
277,444440327,1282737583,2010-08-25 11:59:43,11,59,43,2,8,2010,237,25,34,3,Summer
278,444440687,1282738039,2010-08-25 12:07:19,12,7,19,2,8,2010,237,25,34,3,Summer
279,444440689,1282738040,2010-08-25 12:07:20,12,7,20,2,8,2010,237,25,34,3,Summer
280,4242125911,1282738353,2010-08-25 12:12:33,12,12,33,2,8,2010,237,25,34,3,Summer
281,414115822,1282738623,2010-08-25 12:17:03,12,17,3,2,8,2010,237,25,34,3,Summer
282,444442224,1282739752,2010-08-25 12:35:52,12,35,52,2,8,2010,237,25,34,3,Summer
283,444443082,1282740662,2010-08-25 12:51:02,12,51,2,2,8,2010,237,25,34,3,Summer
284,424271998,1282740818,2010-08-25 12:53:38,12,53,38,2,8,2010,237,25,34,3,Summer
285,434384860,1282740818,2010-08-25 12:53:38,12,53,38,2,8,2010,237,25,34,3,Summer
286,444443706,1282741419,2010-08-25 13:03:39,13,3,39,2,8,2010,237,25,34,3,Summer
287,444443758,1282741469,2010-08-25 13:04:29,13,4,29,2,8,2010,237,25,34,3,Summer
288,444443848,1282741522,2010-08-25 13:05:22,13,5,22,2,8,2010,237,25,34,3,Summer
289,444443851,1282741523,2010-08-25 13:05:23,13,5,23,2,8,2010,237,25,34,3,Summer
290,444443706,1282742708,2010-08-25 13:25:08,13,25,8,2,8,2010,237,25,34,3,Summer
291,444425577,1282742728,2010-08-25 13:25:28,13,25,28,2,8,2010,237,25,34,3,Summer
292,444446329,1282743894,2010-08-25 13:44:54,13,44,54,2,8,2010,237,25,34,3,Summer
293,444448240,1282745899,2010-08-25 14:18:19,14,18,19,2,8,2010,237,25,34,3,Summer
294,444448277,1282745908,2010-08-25 14:18:28,14,18,28,2,8,2010,237,25,34,3,Summer
295,444449153,1282746966,2010-08-25 14:36:06,14,36,6,2,8,2010,237,25,34,3,Summer
296,444420111,1282747087,2010-08-25 14:38:07,14,38,7,2,8,2010,237,25,34,3,Summer
297,434365257,1282747241,2010-08-25 14:40:41,14,40,41,2,8,2010,237,25,34,3,Summer
298,404022693,1282747244,2010-08-25 14:40:44,14,40,44,2,8,2010,237,25,34,3,Summer
299,444443082,1282747450,2010-08-25 14:44:10,14,44,10,2,8,2010,237,25,34,3,Summer
300,444449678,1282747541,2010-08-25 14:45:41,14,45,41,2,8,2010,237,25,34,3,Summer
301,444443082,1282748258,2010-08-25 14:57:38,14,57,38,2,8,2010,237,25,34,3,Summer
302,444452772,1282750212,2010-08-25 15:30:12,15,30,12,2,8,2010,237,25,34,3,Summer
303,434384230,1282750234,2010-08-25 15:30:34,15,30,34,2,8,2010,237,25,34,3,Summer
304,444452866,1282750296,2010-08-25 15:31:36,15,31,36,2,8,2010,237,25,34,3,Summer
305,434384271,1282750332,2010-08-25 15:32:12,15,32,12,2,8,2010,237,25,34,3,Summer
306,4242110232,1282750506,2010-08-25 15:35:06,15,35,6,2,8,2010,237,25,34,3,Summer
307,434397152,1282750854,2010-08-25 15:40:54,15,40,54,2,8,2010,237,25,34,3,Summer
308,434397930,1282750869,2010-08-25 15:41:09,15,41,9,2,8,2010,237,25,34,3,Summer
309,444454702,1282751904,2010-08-25 15:58:24,15,58,24,2,8,2010,237,25,34,3,Summer
310,444455326,1282752383,2010-08-25 16:06:23,16,6,23,2,8,2010,237,25,34,3,Summer
311,44444306,1282752622,2010-08-25 16:10:22,16,10,22,2,8,2010,237,25,34,3,Summer
312,444459293,1282755536,2010-08-25 16:58:56,16,58,56,2,8,2010,237,25,34,3,Summer
313,444459615,1282755674,2010-08-25 17:01:14,17,1,14,2,8,2010,237,25,34,3,Summer
314,444460366,1282755928,2010-08-25 17:05:28,17,5,28,2,8,2010,237,25,34,3,Summer
315,444462660,1282757071,2010-08-25 17:24:31,17,24,31,2,8,2010,237,25,34,3,Summer
316,444464247,1282758220,2010-08-25 17:43:40,17,43,40,2,8,2010,237,25,34,3,Summer
317,444465786,1282759604,2010-08-25 18:06:44,18,6,44,2,8,2010,237,25,34,3,Summer
318,444465787,1282759604,2010-08-25 18:06:44,18,6,44,2,8,2010,237,25,34,3,Summer
319,4242111421,1282759606,2010-08-25 18:06:46,18,6,46,2,8,2010,237,25,34,3,Summer
320,4242104897,1282761190,2010-08-25 18:33:10,18,33,10,2,8,2010,237,25,34,3,Summer
321,444443706,1282763231,2010-08-25 19:07:11,19,7,11,2,8,2010,237,25,34,3,Summer
322,434380155,1282763418,2010-08-25 19:10:18,19,10,18,2,8,2010,237,25,34,3,Summer
323,41414273,1282764899,2010-08-25 19:34:59,19,34,59,2,8,2010,237,25,34,3,Summer
324,444447071,1282769792,2010-08-25 20:56:32,20,56,32,2,8,2010,237,25,34,3,Summer
325,444476095,1282771829,2010-08-25 21:30:29,21,30,29,2,8,2010,237,25,34,3,Summer
326,444478174,1282774316,2010-08-25 22:11:56,22,11,56,2,8,2010,237,25,34,3,Summer
327,444479495,1282775833,2010-08-25 22:37:13,22,37,13,2,8,2010,237,25,34,3,Summer
328,444482305,1282779364,2010-08-25 23:36:04,23,36,4,2,8,2010,237,25,34,3,Summer
329,444482310,1282779365,2010-08-25 23:36:05,23,36,5,2,8,2010,237,25,34,3,Summer
330,444476095,1282780629,2010-08-25 23:57:09,23,57,9,2,8,2010,237,25,34,3,Summer
331,45451069,1282783533,2010-08-26 00:45:33,0,45,33,3,8,2010,238,26,34,3,Summer
332,45451145,1282783770,2010-08-26 00:49:30,0,49,30,3,8,2010,238,26,34,3,Summer
333,45451468,1282784617,2010-08-26 01:03:37,1,3,37,3,8,2010,238,26,34,3,Summer
334,45452079,1282785965,2010-08-26 01:26:05,1,26,5,3,8,2010,238,26,34,3,Summer
335,414124662,1282786335,2010-08-26 01:32:15,1,32,15,3,8,2010,238,26,34,3,Summer
336,434347780,1282786343,2010-08-26 01:32:23,1,32,23,3,8,2010,238,26,34,3,Summer
337,4242121859,1282786343,2010-08-26 01:32:23,1,32,23,3,8,2010,238,26,34,3,Summer
338,45452426,1282786344,2010-08-26 01:32:24,1,32,24,3,8,2010,238,26,34,3,Summer
339,41414294,1282786350,2010-08-26 01:32:30,1,32,30,3,8,2010,238,26,34,3,Summer
340,45453199,1282787142,2010-08-26 01:45:42,1,45,42,3,8,2010,238,26,34,3,Summer
341,45453354,1282787255,2010-08-26 01:47:35,1,47,35,3,8,2010,238,26,34,3,Summer
342,44448423,1282787319,2010-08-26 01:48:39,1,48,39,3,8,2010,238,26,34,3,Summer
343,44448559,1282787406,2010-08-26 01:50:06,1,50,6,3,8,2010,238,26,34,3,Summer
344,424212798,1282788202,2010-08-26 02:03:22,2,3,22,3,8,2010,238,26,34,3,Summer
345,41414273,1282788604,2010-08-26 02:10:04,2,10,4,3,8,2010,238,26,34,3,Summer
346,41414273,1282788850,2010-08-26 02:14:10,2,14,10,3,8,2010,238,26,34,3,Summer
347,404023727,1282789505,2010-08-26 02:25:05,2,25,5,3,8,2010,238,26,34,3,Summer
348,41413498,1282789599,2010-08-26 02:26:39,2,26,39,3,8,2010,238,26,34,3,Summer
349,404026745,1282790178,2010-08-26 02:36:18,2,36,18,3,8,2010,238,26,34,3,Summer
350,45457000,1282790180,2010-08-26 02:36:20,2,36,20,3,8,2010,238,26,34,3,Summer
351,414124662,1282790526,2010-08-26 02:42:06,2,42,6,3,8,2010,238,26,34,3,Summer
352,424212798,1282791017,2010-08-26 02:50:17,2,50,17,3,8,2010,238,26,34,3,Summer
353,45453354,1282791565,2010-08-26 02:59:25,2,59,25,3,8,2010,238,26,34,3,Summer
354,404015615,1282792479,2010-08-26 03:14:39,3,14,39,3,8,2010,238,26,34,3,Summer
355,404023727,1282792527,2010-08-26 03:15:27,3,15,27,3,8,2010,238,26,34,3,Summer
356,454511290,1282792705,2010-08-26 03:18:25,3,18,25,3,8,2010,238,26,34,3,Summer
357,424210311,1282792859,2010-08-26 03:20:59,3,20,59,3,8,2010,238,26,34,3,Summer
358,454513061,1282793642,2010-08-26 03:34:02,3,34,2,3,8,2010,238,26,34,3,Summer
359,424224859,1282793964,2010-08-26 03:39:24,3,39,24,3,8,2010,238,26,34,3,Summer
360,454513888,1282794378,2010-08-26 03:46:18,3,46,18,3,8,2010,238,26,34,3,Summer
361,45451468,1282795301,2010-08-26 04:01:41,4,1,41,3,8,2010,238,26,34,3,Summer
362,454515213,1282795459,2010-08-26 04:04:19,4,4,19,3,8,2010,238,26,34,3,Summer
363,454515213,1282796955,2010-08-26 04:29:15,4,29,15,3,8,2010,238,26,34,3,Summer
364,454520985,1282799848,2010-08-26 05:17:28,5,17,28,3,8,2010,238,26,34,3,Summer
365,454522383,1282800522,2010-08-26 05:28:42,5,28,42,3,8,2010,238,26,34,3,Summer
366,41414294,1282800778,2010-08-26 05:32:58,5,32,58,3,8,2010,238,26,34,3,Summer
367,454524834,1282801987,2010-08-26 05:53:07,5,53,7,3,8,2010,238,26,34,3,Summer
368,41413500,1282803333,2010-08-26 06:15:33,6,15,33,3,8,2010,238,26,34,3,Summer
369,434347780,1282804705,2010-08-26 06:38:25,6,38,25,3,8,2010,238,26,34,3,Summer
370,424212798,1282805382,2010-08-26 06:49:42,6,49,42,3,8,2010,238,26,34,3,Summer
371,454529401,1282805484,2010-08-26 06:51:24,6,51,24,3,8,2010,238,26,34,3,Summer
372,454529555,1282805598,2010-08-26 06:53:18,6,53,18,3,8,2010,238,26,34,3,Summer
373,41414215,1282805756,2010-08-26 06:55:56,6,55,56,3,8,2010,238,26,34,3,Summer
374,454529873,1282805885,2010-08-26 06:58:05,6,58,5,3,8,2010,238,26,34,3,Summer
375,454531640,1282807248,2010-08-26 07:20:48,7,20,48,3,8,2010,238,26,34,3,Summer
376,454531955,1282807729,2010-08-26 07:28:49,7,28,49,3,8,2010,238,26,34,3,Summer
377,454531986,1282807747,2010-08-26 07:29:07,7,29,7,3,8,2010,238,26,34,3,Summer
378,42429156,1282808618,2010-08-26 07:43:38,7,43,38,3,8,2010,238,26,34,3,Summer
379,454536210,1282810290,2010-08-26 08:11:30,8,11,30,3,8,2010,238,26,34,3,Summer
380,41414273,1282811851,2010-08-26 08:37:31,8,37,31,3,8,2010,238,26,34,3,Summer
381,424213052,1282811852,2010-08-26 08:37:32,8,37,32,3,8,2010,238,26,34,3,Summer
382,454538329,1282811888,2010-08-26 08:38:08,8,38,8,3,8,2010,238,26,34,3,Summer
383,454538689,1282812077,2010-08-26 08:41:17,8,41,17,3,8,2010,238,26,34,3,Summer
384,404026745,1282813289,2010-08-26 09:01:29,9,1,29,3,8,2010,238,26,34,3,Summer
385,404015721,1282814144,2010-08-26 09:15:44,9,15,44,3,8,2010,238,26,34,3,Summer
386,454542059,1282815670,2010-08-26 09:41:10,9,41,10,3,8,2010,238,26,34,3,Summer
387,424213470,1282818614,2010-08-26 10:30:14,10,30,14,3,8,2010,238,26,34,3,Summer
388,424213470,1282821726,2010-08-26 11:22:06,11,22,6,3,8,2010,238,26,34,3,Summer
389,424213470,1282821917,2010-08-26 11:25:17,11,25,17,3,8,2010,238,26,34,3,Summer
390,454548059,1282821923,2010-08-26 11:25:23,11,25,23,3,8,2010,238,26,34,3,Summer
391,45453354,1282823151,2010-08-26 11:45:51,11,45,51,3,8,2010,238,26,34,3,Summer
392,444452606,1282823488,2010-08-26 11:51:28,11,51,28,3,8,2010,238,26,34,3,Summer
393,424239633,1282824999,2010-08-26 12:16:39,12,16,39,3,8,2010,238,26,34,3,Summer
394,4242125911,1282825006,2010-08-26 12:16:46,12,16,46,3,8,2010,238,26,34,3,Summer
395,45453354,1282825590,2010-08-26 12:26:30,12,26,30,3,8,2010,238,26,34,3,Summer
396,454553155,1282826130,2010-08-26 12:35:30,12,35,30,3,8,2010,238,26,34,3,Summer
397,454553190,1282826154,2010-08-26 12:35:54,12,35,54,3,8,2010,238,26,34,3,Summer
398,414115076,1282827640,2010-08-26 13:00:40,13,0,40,3,8,2010,238,26,34,3,Summer
399,444440327,1282828510,2010-08-26 13:15:10,13,15,10,3,8,2010,238,26,34,3,Summer
400,414115076,1282828629,2010-08-26 13:17:09,13,17,9,3,8,2010,238,26,34,3,Summer
401,454558024,1282829008,2010-08-26 13:23:28,13,23,28,3,8,2010,238,26,34,3,Summer
402,454558273,1282829113,2010-08-26 13:25:13,13,25,13,3,8,2010,238,26,34,3,Summer
403,454559511,1282829666,2010-08-26 13:34:26,13,34,26,3,8,2010,238,26,34,3,Summer
404,454560625,1282830067,2010-08-26 13:41:07,13,41,7,3,8,2010,238,26,34,3,Summer
405,424225075,1282830671,2010-08-26 13:51:11,13,51,11,3,8,2010,238,26,34,3,Summer
406,444440481,1282830794,2010-08-26 13:53:14,13,53,14,3,8,2010,238,26,34,3,Summer
407,454566530,1282832449,2010-08-26 14:20:49,14,20,49,3,8,2010,238,26,34,3,Summer
408,414115076,1282834413,2010-08-26 14:53:33,14,53,33,3,8,2010,238,26,34,3,Summer
409,434384810,1282834496,2010-08-26 14:54:56,14,54,56,3,8,2010,238,26,34,3,Summer
410,4242114478,1282835149,2010-08-26 15:05:49,15,5,49,3,8,2010,238,26,34,3,Summer
411,454515213,1282835507,2010-08-26 15:11:47,15,11,47,3,8,2010,238,26,34,3,Summer
412,404023134,1282836005,2010-08-26 15:20:05,15,20,5,3,8,2010,238,26,34,3,Summer
413,454577817,1282837933,2010-08-26 15:52:13,15,52,13,3,8,2010,238,26,34,3,Summer
414,424239633,1282838008,2010-08-26 15:53:28,15,53,28,3,8,2010,238,26,34,3,Summer
415,454578321,1282838199,2010-08-26 15:56:39,15,56,39,3,8,2010,238,26,34,3,Summer
416,41417335,1282839179,2010-08-26 16:12:59,16,12,59,3,8,2010,238,26,34,3,Summer
417,454581048,1282839606,2010-08-26 16:20:06,16,20,6,3,8,2010,238,26,34,3,Summer
418,41414215,1282839734,2010-08-26 16:22:14,16,22,14,3,8,2010,238,26,34,3,Summer
419,40405296,1282839737,2010-08-26 16:22:17,16,22,17,3,8,2010,238,26,34,3,Summer
420,41414273,1282839745,2010-08-26 16:22:25,16,22,25,3,8,2010,238,26,34,3,Summer
421,45451468,1282839778,2010-08-26 16:22:58,16,22,58,3,8,2010,238,26,34,3,Summer
422,44441871,1282840217,2010-08-26 16:30:17,16,30,17,3,8,2010,238,26,34,3,Summer
423,454583705,1282840713,2010-08-26 16:38:33,16,38,33,3,8,2010,238,26,34,3,Summer
424,454583915,1282840879,2010-08-26 16:41:19,16,41,19,3,8,2010,238,26,34,3,Summer
425,454583974,1282840909,2010-08-26 16:41:49,16,41,49,3,8,2010,238,26,34,3,Summer
426,454584000,1282840938,2010-08-26 16:42:18,16,42,18,3,8,2010,238,26,34,3,Summer
427,454584726,1282841484,2010-08-26 16:51:24,16,51,24,3,8,2010,238,26,34,3,Summer
428,454587236,1282842916,2010-08-26 17:15:16,17,15,16,3,8,2010,238,26,34,3,Summer
429,434384860,1282844013,2010-08-26 17:33:33,17,33,33,3,8,2010,238,26,34,3,Summer
430,454590227,1282844160,2010-08-26 17:36:00,17,36,0,3,8,2010,238,26,34,3,Summer
431,404025226,1282844220,2010-08-26 17:37:00,17,37,0,3,8,2010,238,26,34,3,Summer
432,454593618,1282846000,2010-08-26 18:06:40,18,6,40,3,8,2010,238,26,34,3,Summer
433,454593623,1282846004,2010-08-26 18:06:44,18,6,44,3,8,2010,238,26,34,3,Summer
434,454593624,1282846004,2010-08-26 18:06:44,18,6,44,3,8,2010,238,26,34,3,Summer
435,454593876,1282846152,2010-08-26 18:09:12,18,9,12,3,8,2010,238,26,34,3,Summer
436,454593876,1282846154,2010-08-26 18:09:14,18,9,14,3,8,2010,238,26,34,3,Summer
437,454593876,1282846154,2010-08-26 18:09:14,18,9,14,3,8,2010,238,26,34,3,Summer
438,454593885,1282846155,2010-08-26 18:09:15,18,9,15,3,8,2010,238,26,34,3,Summer
439,454593886,1282846155,2010-08-26 18:09:15,18,9,15,3,8,2010,238,26,34,3,Summer
440,454595255,1282846982,2010-08-26 18:23:02,18,23,2,3,8,2010,238,26,34,3,Summer
441,454598028,1282849137,2010-08-26 18:58:57,18,58,57,3,8,2010,238,26,34,3,Summer
442,454598687,1282849606,2010-08-26 19:06:46,19,6,46,3,8,2010,238,26,34,3,Summer
443,454593876,1282850058,2010-08-26 19:14:18,19,14,18,3,8,2010,238,26,34,3,Summer
444,4545100922,1282851280,2010-08-26 19:34:40,19,34,40,3,8,2010,238,26,34,3,Summer
445,454583974,1282851291,2010-08-26 19:34:51,19,34,51,3,8,2010,238,26,34,3,Summer
446,404022693,1282851682,2010-08-26 19:41:22,19,41,22,3,8,2010,238,26,34,3,Summer
447,4545102875,1282852539,2010-08-26 19:55:39,19,55,39,3,8,2010,238,26,34,3,Summer
448,4545103320,1282852830,2010-08-26 20:00:30,20,0,30,3,8,2010,238,26,34,3,Summer
449,434395823,1282853337,2010-08-26 20:08:57,20,8,57,3,8,2010,238,26,34,3,Summer
450,4545104524,1282853387,2010-08-26 20:09:47,20,9,47,3,8,2010,238,26,34,3,Summer
451,4545106016,1282854159,2010-08-26 20:22:39,20,22,39,3,8,2010,238,26,34,3,Summer
452,4545108280,1282855845,2010-08-26 20:50:45,20,50,45,3,8,2010,238,26,34,3,Summer
453,4545110495,1282857426,2010-08-26 21:17:06,21,17,6,3,8,2010,238,26,34,3,Summer
454,414115076,1282866843,2010-08-26 23:54:03,23,54,3,3,8,2010,238,26,34,3,Summer
455,46462507,1282871090,2010-08-27 01:04:50,1,4,50,4,8,2010,239,27,34,3,Summer
456,454593886,1282871211,2010-08-27 01:06:51,1,6,51,4,8,2010,239,27,34,3,Summer
457,4545100922,1282872997,2010-08-27 01:36:37,1,36,37,4,8,2010,239,27,34,3,Summer
458,46463932,1282872998,2010-08-27 01:36:38,1,36,38,4,8,2010,239,27,34,3,Summer
459,4545100922,1282873033,2010-08-27 01:37:13,1,37,13,4,8,2010,239,27,34,3,Summer
460,46463932,1282873033,2010-08-27 01:37:13,1,37,13,4,8,2010,239,27,34,3,Summer
461,41414215,1282877915,2010-08-27 02:58:35,2,58,35,4,8,2010,239,27,34,3,Summer
462,40405296,1282877918,2010-08-27 02:58:38,2,58,38,4,8,2010,239,27,34,3,Summer
463,46469410,1282878564,2010-08-27 03:09:24,3,9,24,4,8,2010,239,27,34,3,Summer
464,424225857,1282879194,2010-08-27 03:19:54,3,19,54,4,8,2010,239,27,34,3,Summer
465,464610431,1282879415,2010-08-27 03:23:35,3,23,35,4,8,2010,239,27,34,3,Summer
466,464612096,1282880862,2010-08-27 03:47:42,3,47,42,4,8,2010,239,27,34,3,Summer
467,464614509,1282884359,2010-08-27 04:45:59,4,45,59,4,8,2010,239,27,34,3,Summer
468,424295970,1282884761,2010-08-27 04:52:41,4,52,41,4,8,2010,239,27,34,3,Summer
469,464615392,1282885467,2010-08-27 05:04:27,5,4,27,4,8,2010,239,27,34,3,Summer
470,464615649,1282885605,2010-08-27 05:06:45,5,6,45,4,8,2010,239,27,34,3,Summer
471,464616738,1282886758,2010-08-27 05:25:58,5,25,58,4,8,2010,239,27,34,3,Summer
472,454513888,1282888215,2010-08-27 05:50:15,5,50,15,4,8,2010,239,27,34,3,Summer
473,454559511,1282891000,2010-08-27 06:36:40,6,36,40,4,8,2010,239,27,34,3,Summer
474,464622535,1282893024,2010-08-27 07:10:24,7,10,24,4,8,2010,239,27,34,3,Summer
475,464624038,1282894426,2010-08-27 07:33:46,7,33,46,4,8,2010,239,27,34,3,Summer
476,464624042,1282894427,2010-08-27 07:33:47,7,33,47,4,8,2010,239,27,34,3,Summer
477,42429156,1282894624,2010-08-27 07:37:04,7,37,4,4,8,2010,239,27,34,3,Summer
478,464627960,1282897806,2010-08-27 08:30:06,8,30,6,4,8,2010,239,27,34,3,Summer
479,424212798,1282899152,2010-08-27 08:52:32,8,52,32,4,8,2010,239,27,34,3,Summer
480,464632163,1282900696,2010-08-27 09:18:16,9,18,16,4,8,2010,239,27,34,3,Summer
481,404026745,1282903758,2010-08-27 10:09:18,10,9,18,4,8,2010,239,27,34,3,Summer
482,41413498,1282906249,2010-08-27 10:50:49,10,50,49,4,8,2010,239,27,34,3,Summer
483,404019201,1282911323,2010-08-27 12:15:23,12,15,23,4,8,2010,239,27,34,3,Summer
484,464645927,1282911819,2010-08-27 12:23:39,12,23,39,4,8,2010,239,27,34,3,Summer
485,4242125911,1282912505,2010-08-27 12:35:05,12,35,5,4,8,2010,239,27,34,3,Summer
486,464646944,1282912552,2010-08-27 12:35:52,12,35,52,4,8,2010,239,27,34,3,Summer
487,464646968,1282912559,2010-08-27 12:35:59,12,35,59,4,8,2010,239,27,34,3,Summer
488,464647147,1282912653,2010-08-27 12:37:33,12,37,33,4,8,2010,239,27,34,3,Summer
489,404023727,1282913043,2010-08-27 12:44:03,12,44,3,4,8,2010,239,27,34,3,Summer
490,4242107274,1282913783,2010-08-27 12:56:23,12,56,23,4,8,2010,239,27,34,3,Summer
491,454598028,1282913906,2010-08-27 12:58:26,12,58,26,4,8,2010,239,27,34,3,Summer
492,4242107256,1282914191,2010-08-27 13:03:11,13,3,11,4,8,2010,239,27,34,3,Summer
493,434384860,1282914193,2010-08-27 13:03:13,13,3,13,4,8,2010,239,27,34,3,Summer
494,444421271,1282914292,2010-08-27 13:04:52,13,4,52,4,8,2010,239,27,34,3,Summer
495,444443270,1282914409,2010-08-27 13:06:49,13,6,49,4,8,2010,239,27,34,3,Summer
496,404023727,1282914572,2010-08-27 13:09:32,13,9,32,4,8,2010,239,27,34,3,Summer
497,424251018,1282914596,2010-08-27 13:09:56,13,9,56,4,8,2010,239,27,34,3,Summer
498,444443706,1282916765,2010-08-27 13:46:05,13,46,5,4,8,2010,239,27,34,3,Summer
499,434384766,1282917992,2010-08-27 14:06:32,14,6,32,4,8,2010,239,27,34,3,Summer
500,444443706,1282918898,2010-08-27 14:21:38,14,21,38,4,8,2010,239,27,34,3,Summer
501,444443706,1282919026,2010-08-27 14:23:46,14,23,46,4,8,2010,239,27,34,3,Summer
502,444454702,1282919867,2010-08-27 14:37:47,14,37,47,4,8,2010,239,27,34,3,Summer
503,464663389,1282920005,2010-08-27 14:40:05,14,40,5,4,8,2010,239,27,34,3,Summer
504,4242121166,1282920527,2010-08-27 14:48:47,14,48,47,4,8,2010,239,27,34,3,Summer
505,464664767,1282920569,2010-08-27 14:49:29,14,49,29,4,8,2010,239,27,34,3,Summer
506,404019201,1282921254,2010-08-27 15:00:54,15,0,54,4,8,2010,239,27,34,3,Summer
507,424251018,1282921580,2010-08-27 15:06:20,15,6,20,4,8,2010,239,27,34,3,Summer
508,464667418,1282921900,2010-08-27 15:11:40,15,11,40,4,8,2010,239,27,34,3,Summer
509,444443706,1282921921,2010-08-27 15:12:01,15,12,1,4,8,2010,239,27,34,3,Summer
510,434384226,1282922950,2010-08-27 15:29:10,15,29,10,4,8,2010,239,27,34,3,Summer
511,464669600,1282922973,2010-08-27 15:29:33,15,29,33,4,8,2010,239,27,34,3,Summer
512,444452772,1282922975,2010-08-27 15:29:35,15,29,35,4,8,2010,239,27,34,3,Summer
513,454595255,1282922980,2010-08-27 15:29:40,15,29,40,4,8,2010,239,27,34,3,Summer
514,45453199,1282923059,2010-08-27 15:30:59,15,30,59,4,8,2010,239,27,34,3,Summer
515,4545106016,1282923134,2010-08-27 15:32:14,15,32,14,4,8,2010,239,27,34,3,Summer
516,464670353,1282923294,2010-08-27 15:34:54,15,34,54,4,8,2010,239,27,34,3,Summer
517,444443706,1282923474,2010-08-27 15:37:54,15,37,54,4,8,2010,239,27,34,3,Summer
518,444446329,1282925115,2010-08-27 16:05:15,16,5,15,4,8,2010,239,27,34,3,Summer
519,424251018,1282925125,2010-08-27 16:05:25,16,5,25,4,8,2010,239,27,34,3,Summer
520,4242125911,1282925570,2010-08-27 16:12:50,16,12,50,4,8,2010,239,27,34,3,Summer
521,444443706,1282926358,2010-08-27 16:25:58,16,25,58,4,8,2010,239,27,34,3,Summer
522,424212798,1282926819,2010-08-27 16:33:39,16,33,39,4,8,2010,239,27,34,3,Summer
523,424249368,1282927622,2010-08-27 16:47:02,16,47,2,4,8,2010,239,27,34,3,Summer
524,464615649,1282928022,2010-08-27 16:53:42,16,53,42,4,8,2010,239,27,34,3,Summer
525,444443706,1282928206,2010-08-27 16:56:46,16,56,46,4,8,2010,239,27,34,3,Summer
526,464682543,1282929201,2010-08-27 17:13:21,17,13,21,4,8,2010,239,27,34,3,Summer
527,424249368,1282929257,2010-08-27 17:14:17,17,14,17,4,8,2010,239,27,34,3,Summer
528,464683393,1282929338,2010-08-27 17:15:38,17,15,38,4,8,2010,239,27,34,3,Summer
529,464683399,1282929339,2010-08-27 17:15:39,17,15,39,4,8,2010,239,27,34,3,Summer
530,464684799,1282930071,2010-08-27 17:27:51,17,27,51,4,8,2010,239,27,34,3,Summer
531,464685369,1282930371,2010-08-27 17:32:51,17,32,51,4,8,2010,239,27,34,3,Summer
532,464687710,1282931791,2010-08-27 17:56:31,17,56,31,4,8,2010,239,27,34,3,Summer
533,464689522,1282932871,2010-08-27 18:14:31,18,14,31,4,8,2010,239,27,34,3,Summer
534,464689631,1282932901,2010-08-27 18:15:01,18,15,1,4,8,2010,239,27,34,3,Summer
535,424251018,1282933784,2010-08-27 18:29:44,18,29,44,4,8,2010,239,27,34,3,Summer
536,424251018,1282933813,2010-08-27 18:30:13,18,30,13,4,8,2010,239,27,34,3,Summer
537,444452772,1282935129,2010-08-27 18:52:09,18,52,9,4,8,2010,239,27,34,3,Summer
538,434384230,1282935129,2010-08-27 18:52:09,18,52,9,4,8,2010,239,27,34,3,Summer
539,4545106016,1282935170,2010-08-27 18:52:50,18,52,50,4,8,2010,239,27,34,3,Summer
540,424280283,1282935288,2010-08-27 18:54:48,18,54,48,4,8,2010,239,27,34,3,Summer
541,464692926,1282935288,2010-08-27 18:54:48,18,54,48,4,8,2010,239,27,34,3,Summer
542,444443706,1282935399,2010-08-27 18:56:39,18,56,39,4,8,2010,239,27,34,3,Summer
543,464693365,1282935432,2010-08-27 18:57:12,18,57,12,4,8,2010,239,27,34,3,Summer
544,424295970,1282935706,2010-08-27 19:01:46,19,1,46,4,8,2010,239,27,34,3,Summer
545,464694945,1282936435,2010-08-27 19:13:55,19,13,55,4,8,2010,239,27,34,3,Summer
546,424295990,1282937296,2010-08-27 19:28:16,19,28,16,4,8,2010,239,27,34,3,Summer
547,464697537,1282938433,2010-08-27 19:47:13,19,47,13,4,8,2010,239,27,34,3,Summer
548,444443706,1282938983,2010-08-27 19:56:23,19,56,23,4,8,2010,239,27,34,3,Summer
549,4545102875,1282940059,2010-08-27 20:14:19,20,14,19,4,8,2010,239,27,34,3,Summer
550,4646100271,1282940309,2010-08-27 20:18:29,20,18,29,4,8,2010,239,27,34,3,Summer
551,4646103018,1282942109,2010-08-27 20:48:29,20,48,29,4,8,2010,239,27,34,3,Summer
552,4242125911,1282942783,2010-08-27 20:59:43,20,59,43,4,8,2010,239,27,34,3,Summer
553,4646105395,1282943759,2010-08-27 21:15:59,21,15,59,4,8,2010,239,27,34,3,Summer
554,4646105400,1282943759,2010-08-27 21:15:59,21,15,59,4,8,2010,239,27,34,3,Summer
555,4646105404,1282943759,2010-08-27 21:15:59,21,15,59,4,8,2010,239,27,34,3,Summer
556,4646106261,1282944261,2010-08-27 21:24:21,21,24,21,4,8,2010,239,27,34,3,Summer
557,4646108329,1282946785,2010-08-27 22:06:25,22,6,25,4,8,2010,239,27,34,3,Summer
558,4646108412,1282946803,2010-08-27 22:06:43,22,6,43,4,8,2010,239,27,34,3,Summer
559,4646108880,1282947383,2010-08-27 22:16:23,22,16,23,4,8,2010,239,27,34,3,Summer
560,4646108230,1282947471,2010-08-27 22:17:51,22,17,51,4,8,2010,239,27,34,3,Summer
561,4646108234,1282947481,2010-08-27 22:18:01,22,18,1,4,8,2010,239,27,34,3,Summer
562,4646108412,1282947501,2010-08-27 22:18:21,22,18,21,4,8,2010,239,27,34,3,Summer
563,454513888,1282947503,2010-08-27 22:18:23,22,18,23,4,8,2010,239,27,34,3,Summer
564,4646108412,1282947598,2010-08-27 22:19:58,22,19,58,4,8,2010,239,27,34,3,Summer
565,4646108230,1282947608,2010-08-27 22:20:08,22,20,8,4,8,2010,239,27,34,3,Summer
566,4646109453,1282947615,2010-08-27 22:20:15,22,20,15,4,8,2010,239,27,34,3,Summer
567,4646111105,1282949005,2010-08-27 22:43:25,22,43,25,4,8,2010,239,27,34,3,Summer
568,4646112749,1282950315,2010-08-27 23:05:15,23,5,15,4,8,2010,239,27,34,3,Summer
569,4646114574,1282952319,2010-08-27 23:38:39,23,38,39,4,8,2010,239,27,34,3,Summer
570,47474308,1282964020,2010-08-28 02:53:40,2,53,40,5,8,2010,240,28,34,3,Summer
571,474710746,1282975768,2010-08-28 06:09:28,6,9,28,5,8,2010,240,28,34,3,Summer
572,454515213,1282977016,2010-08-28 06:30:16,6,30,16,5,8,2010,240,28,34,3,Summer
573,474712418,1282978116,2010-08-28 06:48:36,6,48,36,5,8,2010,240,28,34,3,Summer
574,474712693,1282978615,2010-08-28 06:56:55,6,56,55,5,8,2010,240,28,34,3,Summer
575,414115076,1282982654,2010-08-28 08:04:14,8,4,14,5,8,2010,240,28,34,3,Summer
576,474715468,1282984985,2010-08-28 08:43:05,8,43,5,5,8,2010,240,28,34,3,Summer
577,474715474,1282984997,2010-08-28 08:43:17,8,43,17,5,8,2010,240,28,34,3,Summer
578,474718166,1282996561,2010-08-28 11:56:01,11,56,1,5,8,2010,240,28,34,3,Summer
579,464646944,1282996569,2010-08-28 11:56:09,11,56,9,5,8,2010,240,28,34,3,Summer
580,474718171,1282996570,2010-08-28 11:56:10,11,56,10,5,8,2010,240,28,34,3,Summer
581,474718172,1282996571,2010-08-28 11:56:11,11,56,11,5,8,2010,240,28,34,3,Summer
582,464689631,1282996590,2010-08-28 11:56:30,11,56,30,5,8,2010,240,28,34,3,Summer
583,474718181,1282996594,2010-08-28 11:56:34,11,56,34,5,8,2010,240,28,34,3,Summer
584,474718185,1282996600,2010-08-28 11:56:40,11,56,40,5,8,2010,240,28,34,3,Summer
585,454513888,1283001823,2010-08-28 13:23:43,13,23,43,5,8,2010,240,28,34,3,Summer
586,474722836,1283007528,2010-08-28 14:58:48,14,58,48,5,8,2010,240,28,34,3,Summer
587,454529401,1283011187,2010-08-28 15:59:47,15,59,47,5,8,2010,240,28,34,3,Summer
588,474726326,1283011597,2010-08-28 16:06:37,16,6,37,5,8,2010,240,28,34,3,Summer
589,4242125911,1283014686,2010-08-28 16:58:06,16,58,6,5,8,2010,240,28,34,3,Summer
590,474727860,1283015655,2010-08-28 17:14:15,17,14,15,5,8,2010,240,28,34,3,Summer
591,424251336,1283015815,2010-08-28 17:16:55,17,16,55,5,8,2010,240,28,34,3,Summer
592,474727999,1283015861,2010-08-28 17:17:41,17,17,41,5,8,2010,240,28,34,3,Summer
593,424239633,1283018038,2010-08-28 17:53:58,17,53,58,5,8,2010,240,28,34,3,Summer
594,474731490,1283026057,2010-08-28 20:07:37,20,7,37,5,8,2010,240,28,34,3,Summer
595,454559511,1283026155,2010-08-28 20:09:15,20,9,15,5,8,2010,240,28,34,3,Summer
596,424210311,1283056717,2010-08-29 04:38:37,4,38,37,6,8,2010,241,29,34,3,Summer
597,42424182,1283062075,2010-08-29 06:07:55,6,7,55,6,8,2010,241,29,34,3,Summer
598,404015785,1283080697,2010-08-29 11:18:17,11,18,17,6,8,2010,241,29,34,3,Summer
599,484813198,1283086754,2010-08-29 12:59:14,12,59,14,6,8,2010,241,29,34,3,Summer
600,404022693,1283090911,2010-08-29 14:08:31,14,8,31,6,8,2010,241,29,34,3,Summer
601,404022693,1283091727,2010-08-29 14:22:07,14,22,7,6,8,2010,241,29,34,3,Summer
602,484816205,1283095164,2010-08-29 15:19:24,15,19,24,6,8,2010,241,29,34,3,Summer
603,484818515,1283106355,2010-08-29 18:25:55,18,25,55,6,8,2010,241,29,34,3,Summer
604,45452426,1283107467,2010-08-29 18:44:27,18,44,27,6,8,2010,241,29,34,3,Summer
605,414118006,1283119336,2010-08-29 22:02:16,22,2,16,6,8,2010,241,29,34,3,Summer
606,424215631,1283119336,2010-08-29 22:02:16,22,2,16,6,8,2010,241,29,34,3,Summer
607,4343107800,1283119336,2010-08-29 22:02:16,22,2,16,6,8,2010,241,29,34,3,Summer
608,41414215,1283130987,2010-08-30 01:16:27,1,16,27,0,8,2010,242,30,35,3,Summer
609,49491578,1283131709,2010-08-30 01:28:29,1,28,29,0,8,2010,242,30,35,3,Summer
610,484812005,1283132108,2010-08-30 01:35:08,1,35,8,0,8,2010,242,30,35,3,Summer
611,444420469,1283132782,2010-08-30 01:46:22,1,46,22,0,8,2010,242,30,35,3,Summer
612,49492116,1283132782,2010-08-30 01:46:22,1,46,22,0,8,2010,242,30,35,3,Summer
613,444421190,1283132837,2010-08-30 01:47:17,1,47,17,0,8,2010,242,30,35,3,Summer
614,474727860,1283133367,2010-08-30 01:56:07,1,56,7,0,8,2010,242,30,35,3,Summer
615,484812005,1283135862,2010-08-30 02:37:42,2,37,42,0,8,2010,242,30,35,3,Summer
616,424212798,1283138368,2010-08-30 03:19:28,3,19,28,0,8,2010,242,30,35,3,Summer
617,4343107800,1283139018,2010-08-30 03:30:18,3,30,18,0,8,2010,242,30,35,3,Summer
618,444420420,1283141929,2010-08-30 04:18:49,4,18,49,0,8,2010,242,30,35,3,Summer
619,494910075,1283141935,2010-08-30 04:18:55,4,18,55,0,8,2010,242,30,35,3,Summer
620,494910077,1283141936,2010-08-30 04:18:56,4,18,56,0,8,2010,242,30,35,3,Summer
621,444422121,1283141941,2010-08-30 04:19:01,4,19,1,0,8,2010,242,30,35,3,Summer
622,45453199,1283141946,2010-08-30 04:19:06,4,19,6,0,8,2010,242,30,35,3,Summer
623,41414294,1283142253,2010-08-30 04:24:13,4,24,13,0,8,2010,242,30,35,3,Summer
624,41414189,1283144612,2010-08-30 05:03:32,5,3,32,0,8,2010,242,30,35,3,Summer
625,454515213,1283144728,2010-08-30 05:05:28,5,5,28,0,8,2010,242,30,35,3,Summer
626,42424182,1283148215,2010-08-30 06:03:35,6,3,35,0,8,2010,242,30,35,3,Summer
627,41414189,1283151224,2010-08-30 06:53:44,6,53,44,0,8,2010,242,30,35,3,Summer
628,404022974,1283153496,2010-08-30 07:31:36,7,31,36,0,8,2010,242,30,35,3,Summer
629,494924619,1283153828,2010-08-30 07:37:08,7,37,8,0,8,2010,242,30,35,3,Summer
630,494927987,1283157335,2010-08-30 08:35:35,8,35,35,0,8,2010,242,30,35,3,Summer
631,494928284,1283157542,2010-08-30 08:39:02,8,39,2,0,8,2010,242,30,35,3,Summer
632,454513888,1283158625,2010-08-30 08:57:05,8,57,5,0,8,2010,242,30,35,3,Summer
633,404022974,1283158871,2010-08-30 09:01:11,9,1,11,0,8,2010,242,30,35,3,Summer
634,404019201,1283170788,2010-08-30 12:19:48,12,19,48,0,8,2010,242,30,35,3,Summer
635,4242114478,1283170880,2010-08-30 12:21:20,12,21,20,0,8,2010,242,30,35,3,Summer
636,494941842,1283171275,2010-08-30 12:27:55,12,27,55,0,8,2010,242,30,35,3,Summer
637,444443706,1283172714,2010-08-30 12:51:54,12,51,54,0,8,2010,242,30,35,3,Summer
638,494946783,1283173601,2010-08-30 13:06:41,13,6,41,0,8,2010,242,30,35,3,Summer
639,41414189,1283174381,2010-08-30 13:19:41,13,19,41,0,8,2010,242,30,35,3,Summer
640,41414189,1283178113,2010-08-30 14:21:53,14,21,53,0,8,2010,242,30,35,3,Summer
641,494960550,1283181131,2010-08-30 15:12:11,15,12,11,0,8,2010,242,30,35,3,Summer
642,494964888,1283183106,2010-08-30 15:45:06,15,45,6,0,8,2010,242,30,35,3,Summer
643,494967174,1283184188,2010-08-30 16:03:08,16,3,8,0,8,2010,242,30,35,3,Summer
644,494968042,1283184564,2010-08-30 16:09:24,16,9,24,0,8,2010,242,30,35,3,Summer
645,4242114478,1283184934,2010-08-30 16:15:34,16,15,34,0,8,2010,242,30,35,3,Summer
646,494969782,1283185316,2010-08-30 16:21:56,16,21,56,0,8,2010,242,30,35,3,Summer
647,494969111,1283185426,2010-08-30 16:23:46,16,23,46,0,8,2010,242,30,35,3,Summer
648,494970421,1283185684,2010-08-30 16:28:04,16,28,4,0,8,2010,242,30,35,3,Summer
649,454590227,1283186546,2010-08-30 16:42:26,16,42,26,0,8,2010,242,30,35,3,Summer
650,4242114478,1283186752,2010-08-30 16:45:52,16,45,52,0,8,2010,242,30,35,3,Summer
651,494982283,1283194467,2010-08-30 18:54:27,18,54,27,0,8,2010,242,30,35,3,Summer
652,41414189,1283194901,2010-08-30 19:01:41,19,1,41,0,8,2010,242,30,35,3,Summer
653,404019201,1283195334,2010-08-30 19:08:54,19,8,54,0,8,2010,242,30,35,3,Summer
654,494987064,1283196993,2010-08-30 19:36:33,19,36,33,0,8,2010,242,30,35,3,Summer
655,494987066,1283196993,2010-08-30 19:36:33,19,36,33,0,8,2010,242,30,35,3,Summer
656,434384226,1283199172,2010-08-30 20:12:52,20,12,52,0,8,2010,242,30,35,3,Summer
657,41414215,1283199470,2010-08-30 20:17:50,20,17,50,0,8,2010,242,30,35,3,Summer
658,40405296,1283199476,2010-08-30 20:17:56,20,17,56,0,8,2010,242,30,35,3,Summer
659,424249368,1283201603,2010-08-30 20:53:23,20,53,23,0,8,2010,242,30,35,3,Summer
660,454583974,1283201925,2010-08-30 20:58:45,20,58,45,0,8,2010,242,30,35,3,Summer
